Series Name,Series Code,Country Name,Country Code,1990 [YR1990],2000 [YR2000],2016 [YR2016],2017 [YR2017],2018 [YR2018],2019 [YR2019],2020 [YR2020],2021 [YR2021],2022 [YR2022],2023 [YR2023],2024 [YR2024],2025 [YR2025]
Merchandise exports (current US$),TX.VAL.MRCH.CD.WT,Afghanistan,AFG,235000000,137000000,596000000,723000000,875000000,864000000,777000000,751000000,421000000,441000000,536000000,..
Merchandise exports (current US$),TX.VAL.MRCH.CD.WT,Albania,ALB,230000000,261000000,1959000000,2292000000,2870000000,2716000000,2506000000,3559000000,4309000000,4374000000,4000000000,..
Merchandise exports (current US$),TX.VAL.MRCH.CD.WT,Algeria,DZA,12880000000,22031000000,30026000000,35191000000,41797000000,35312000000,21932000000,38637000000,65718000000,55555000000,49180000000,..
Merchandise exports (current US$),TX.VAL.MRCH.CD.WT,American Samoa,ASM,311000000,346000000,388000000,397000000,377000000,353000000,409000000,314000000,383000000,395000000,382000000,..
Merchandise exports (current US$),TX.VAL.MRCH.CD.WT,Andorra,AND,..,..,97000000,118000000,129000000,..,167000000,164000000,386000000,252000000,258000000,..
Merchandise exports (current US$),TX.VAL.MRCH.CD.WT,Angola,AGO,3910000000,7921000000,27589000000,34613000000,40758000000,35432000000,22135000000,34472000000,51275000000,39506000000,39410000000,..
Merchandise exports (current US$),TX.VAL.MRCH.CD.WT,Antigua and Barbuda,ATG,21000000,52000000,61000000,21000000,26000000,38000000,22000000,19000000,22000000,31000000,33000000,..
Merchandise exports (current US$),TX.VAL.MRCH.CD.WT,Argentina,ARG,12353000000,26341000000,57910000000,58644000000,61781000000,65116000000,54884000000,77934000000,88703000000,66988000000,79703000000,..
Merchandise exports (current US$),TX.VAL.MRCH.CD.WT,Armenia,ARM,..,294000000,1792000000,2245000000,2412000000,2640000000,2544000000,3023000000,5360000000,8552000000,13092000000,..
Merchandise exports (current US$),TX.VAL.MRCH.CD.WT,Aruba,ABW,155000000,2524000000,284000000,135000000,194000000,131000000,87000000,123000000,208000000,166000000,162000000,..
Merchandise exports (current US$),TX.VAL.MRCH.CD.WT,Australia,AUS,39752000000,63870000000,192505000000,231131000000,257098000000,271005000000,250823000000,344864000000,412683000000,371407000000,340829000000,..
Merchandise exports (current US$),TX.VAL.MRCH.CD.WT,Austria,AUT,41265000000,67710000000,152090000000,168026000000,184815000000,178670000000,169418000000,202806000000,211929000000,224056000000,213927000000,..
Merchandise exports (current US$),TX.VAL.MRCH.CD.WT,Azerbaijan,AZE,..,1745000000,13108000000,15481000000,20317000000,19635000000,13733000000,22208000000,38147000000,33899000000,26554000000,..
Merchandise exports (current US$),TX.VAL.MRCH.CD.WT,"Bahamas, The",BHS,238000000,555000000,403000000,473000000,513000000,537000000,335000000,543000000,610000000,736000000,670000000,..
Merchandise exports (current US$),TX.VAL.MRCH.CD.WT,Bahrain,BHR,3761000000,6194000000,12785000000,15376000000,18044000000,18120000000,14066000000,22369000000,30194000000,24814000000,24278000000,..
Merchandise exports (current US$),TX.VAL.MRCH.CD.WT,Bangladesh,BGD,1671000000,6389000000,34894000000,35851000000,39252000000,39337000000,33605000000,44223000000,51405000000,44237000000,47245000000,..
Merchandise exports (current US$),TX.VAL.MRCH.CD.WT,Barbados,BRB,216000000,272000000,517000000,485000000,448000000,444000000,345000000,350000000,498000000,461000000,461000000,..
Merchandise exports (current US$),TX.VAL.MRCH.CD.WT,Belarus,BLR,..,7326000000,23414000000,29267000000,33726000000,32955000000,29179000000,39762000000,38220000000,39840000000,40327000000,..
Merchandise exports (current US$),TX.VAL.MRCH.CD.WT,Belgium,BEL,..,188371000000,398134000000,429645000000,468213000000,446910000000,422655000000,551478000000,626376000000,567845000000,535741000000,..
Merchandise exports (current US$),TX.VAL.MRCH.CD.WT,Belize,BLZ,129000000,196000000,443000000,457000000,451000000,425000000,289000000,422000000,518000000,488000000,482000000,..
Merchandise exports (current US$),TX.VAL.MRCH.CD.WT,Benin,BEN,288000000,392000000,1774000000,2216000000,3344000000,3052000000,2996000000,3642000000,3719000000,4050000000,3772000000,..
Merchandise exports (current US$),TX.VAL.MRCH.CD.WT,Bermuda,BMU,60000000,51000000,19000000,18000000,18000000,27000000,19000000,29000000,34000000,22000000,68000000,..
Merchandise exports (current US$),TX.VAL.MRCH.CD.WT,Bhutan,BTN,70000000,103000000,525000000,573000000,606000000,674000000,651000000,784000000,724000000,641000000,747000000,..
Merchandise exports (current US$),TX.VAL.MRCH.CD.WT,Bolivia,BOL,926000000,1230000000,7082000000,7846000000,8965000000,8757000000,7015000000,11030000000,13924000000,10911000000,9059000000,..
Merchandise exports (current US$),TX.VAL.MRCH.CD.WT,Bosnia and Herzegovina,BIH,..,1069000000,5328000000,6402000000,7182000000,6578000000,6155000000,8614000000,9674000000,9232000000,8890000000,..
Merchandise exports (current US$),TX.VAL.MRCH.CD.WT,Botswana,BWA,1784000000,2675000000,7366000000,5870000000,6575000000,5237000000,4262000000,7420000000,8327000000,5763000000,4648000000,..
Merchandise exports (current US$),TX.VAL.MRCH.CD.WT,Brazil,BRA,31414000000,55119000000,179526000000,214988000000,231890000000,221127000000,209180000000,280815000000,334136000000,339696000000,337046000000,..
Merchandise exports (current US$),TX.VAL.MRCH.CD.WT,British Virgin Islands,VGB,..,..,..,..,..,..,..,..,..,..,..,..
Merchandise exports (current US$),TX.VAL.MRCH.CD.WT,Brunei Darussalam,BRN,2213000000,3903000000,4875000000,5571000000,6574000000,7039000000,6608000000,11058000000,14230000000,11241000000,11244000000,..
Merchandise exports (current US$),TX.VAL.MRCH.CD.WT,Bulgaria,BGR,5030000000,4852000000,26572000000,31438000000,33617000000,33340000000,31954000000,41157000000,49925000000,47980000000,46604000000,..
Merchandise exports (current US$),TX.VAL.MRCH.CD.WT,Burkina Faso,BFA,152000000,209000000,2509000000,2875000000,3254000000,3239000000,4372000000,5043000000,4518000000,4467000000,5640000000,..
Merchandise exports (current US$),TX.VAL.MRCH.CD.WT,Burundi,BDI,75000000,50000000,125000000,172000000,180000000,180000000,162000000,163000000,207000000,210000000,174000000,..
Merchandise exports (current US$),TX.VAL.MRCH.CD.WT,Cabo Verde,CPV,6000000,11000000,55000000,52000000,76000000,62000000,53000000,56000000,49000000,55000000,75000000,..
Merchandise exports (current US$),TX.VAL.MRCH.CD.WT,Cambodia,KHM,86000000,1389000000,10069000000,11278000000,12700000000,14825000000,17716000000,19307000000,22472000000,23470000000,26661000000,..
Merchandise exports (current US$),TX.VAL.MRCH.CD.WT,Cameroon,CMR,2002000000,1833000000,3305000000,3233000000,3803000000,4084000000,3132000000,4317000000,5584000000,4927000000,5900000000,..
Merchandise exports (current US$),TX.VAL.MRCH.CD.WT,Canada,CAN,127629000000,276635000000,389991000000,420665000000,452313000000,448817000000,390821000000,509441000000,602514000000,570209000000,568747000000,..
Merchandise exports (current US$),TX.VAL.MRCH.CD.WT,Cayman Islands,CYM,..,..,58000000,39000000,41000000,50000000,21000000,17000000,38000000,55000000,68000000,..
Merchandise exports (current US$),TX.VAL.MRCH.CD.WT,Central African Republic,CAF,120000000,161000000,115000000,140000000,164000000,148000000,134000000,150000000,164000000,171000000,121000000,..
Merchandise exports (current US$),TX.VAL.MRCH.CD.WT,Chad,TCD,188000000,183000000,2090000000,2621000000,2670000000,2588000000,1808000000,2711000000,4422000000,4604000000,4500000000,..
Merchandise exports (current US$),TX.VAL.MRCH.CD.WT,Channel Islands,CHI,..,..,..,..,..,..,..,..,..,..,..,..
Merchandise exports (current US$),TX.VAL.MRCH.CD.WT,Chile,CHL,8373000000,19210000000,60718000000,68823000000,74839000000,68794000000,74023000000,94601000000,98477000000,92972000000,99164000000,..
Merchandise exports (current US$),TX.VAL.MRCH.CD.WT,China,CHN,62091000000,249203000000,2097632000000,2263346000000,2486695000000,2499457000000,2589952000000,3316022000000,3544434000000,3379044000000,3576653000000,..
Merchandise exports (current US$),TX.VAL.MRCH.CD.WT,Colombia,COL,6721000000,13043000000,31757000000,36897000000,41774000000,39489000000,31008000000,40287000000,56999000000,49545000000,49564000000,..
Merchandise exports (current US$),TX.VAL.MRCH.CD.WT,Comoros,COM,18000000,14000000,31000000,39000000,41000000,39000000,21000000,34000000,54000000,31000000,30000000,..
Merchandise exports (current US$),TX.VAL.MRCH.CD.WT,"Congo, Dem. Rep.",COD,2326000000,807000000,7193000000,12296000000,20004000000,13382000000,14230000000,21412000000,15672000000,27727000000,29900000000,..
Merchandise exports (current US$),TX.VAL.MRCH.CD.WT,"Congo, Rep.",COG,981000000,2489000000,7901000000,8252000000,11155000000,5576000000,4893000000,7512000000,8870000000,7651000000,7859000000,..
Merchandise exports (current US$),TX.VAL.MRCH.CD.WT,Costa Rica,CRI,1448000000,5850000000,10361000000,10769000000,11495000000,11864000000,12319000000,15494000000,16597000000,19025000000,21688000000,..
Merchandise exports (current US$),TX.VAL.MRCH.CD.WT,Cote d'Ivoire,CIV,3072000000,3888000000,10876000000,11853000000,11912000000,12718000000,12454000000,15334000000,16429000000,18350000000,20148000000,..
Merchandise exports (current US$),TX.VAL.MRCH.CD.WT,Croatia,HRV,..,4432000000,13813000000,16069000000,17402000000,17180000000,17193000000,21878000000,25467000000,24960000000,25955000000,..
Merchandise exports (current US$),TX.VAL.MRCH.CD.WT,Cuba,CUB,5100000000,1676000000,2317000000,2402000000,2373000000,2062000000,1703000000,1966000000,2170000000,1583000000,1607000000,..
Merchandise exports (current US$),TX.VAL.MRCH.CD.WT,Curacao,CUW,..,..,419000000,425000000,586000000,398000000,271000000,344000000,562000000,495000000,491000000,..
Merchandise exports (current US$),TX.VAL.MRCH.CD.WT,Cyprus,CYP,951000000,951000000,2965000000,3288000000,5052000000,3453000000,3063000000,3963000000,4512000000,5020000000,4418000000,..
Merchandise exports (current US$),TX.VAL.MRCH.CD.WT,Czechia,CZE,..,29094000000,162692000000,182142000000,202238000000,199128000000,191911000000,226564000000,242015000000,255549000000,263063000000,..
Merchandise exports (current US$),TX.VAL.MRCH.CD.WT,Denmark,DNK,36870000000,51292000000,95326000000,102506000000,109696000000,111076000000,108454000000,125945000000,131702000000,130132000000,133242000000,..
Merchandise exports (current US$),TX.VAL.MRCH.CD.WT,Djibouti,DJI,25000000,32000000,1732000000,3162000000,3522000000,3996000000,2785000000,3829000000,4608000000,4785000000,5169000000,..
Merchandise exports (current US$),TX.VAL.MRCH.CD.WT,Dominica,DMA,55000000,54000000,18000000,12000000,10000000,19000000,16000000,20000000,22000000,22000000,29000000,..
Merchandise exports (current US$),TX.VAL.MRCH.CD.WT,Dominican Republic,DOM,2170000000,5737000000,9840000000,10135000000,10638000000,11193000000,10302000000,12486000000,13750000000,12950000000,13872000000,..
Merchandise exports (current US$),TX.VAL.MRCH.CD.WT,Ecuador,ECU,2714000000,4927000000,16798000000,19122000000,21628000000,22329000000,20355000000,26699000000,32658000000,31126000000,34421000000,..
Merchandise exports (current US$),TX.VAL.MRCH.CD.WT,"Egypt, Arab Rep.",EGY,2585000000,5276000000,25468000000,25604000000,27624000000,29000000000,27078000000,41310000000,51280000000,42081000000,42247000000,..
Merchandise exports (current US$),TX.VAL.MRCH.CD.WT,El Salvador,SLV,582000000,2941000000,5420000000,5760000000,5905000000,5905000000,4805000000,6395000000,7115000000,6498000000,6448000000,..
Merchandise exports (current US$),TX.VAL.MRCH.CD.WT,Equatorial Guinea,GNQ,62000000,1097000000,4137000000,4970000000,6052000000,5268000000,2859000000,3845000000,6661000000,3157000000,2979000000,..
Merchandise exports (current US$),TX.VAL.MRCH.CD.WT,Eritrea,ERI,..,37000000,436000000,583000000,669000000,530000000,583000000,500000000,600000000,483000000,576000000,..
Merchandise exports (current US$),TX.VAL.MRCH.CD.WT,Estonia,EST,..,3830000000,13171000000,14559000000,17017000000,16101000000,16340000000,21560000000,22859000000,19634000000,18832000000,..
Merchandise exports (current US$),TX.VAL.MRCH.CD.WT,Eswatini,SWZ,556000000,910000000,1633000000,1801000000,1842000000,2002000000,1752000000,2068000000,1991000000,2096000000,2327000000,..
Merchandise exports (current US$),TX.VAL.MRCH.CD.WT,Ethiopia,ETH,298000000,486000000,2789000000,3022000000,2704000000,2741000000,3258000000,3949000000,3970000000,3468000000,4501000000,..
Merchandise exports (current US$),TX.VAL.MRCH.CD.WT,Faroe Islands,FRO,418000000,474000000,1191679731.68217,1305756809.93165,..,..,..,..,..,..,..,..
Merchandise exports (current US$),TX.VAL.MRCH.CD.WT,Fiji,FJI,497000000,585000000,926000000,956000000,1041000000,1033000000,826000000,815000000,1055000000,1068000000,1133000000,..
Merchandise exports (current US$),TX.VAL.MRCH.CD.WT,Finland,FIN,26571000000,46102000000,57908000000,68073000000,75869000000,73468000000,66220000000,81996000000,86069000000,82561000000,78011000000,..
Merchandise exports (current US$),TX.VAL.MRCH.CD.WT,France,FRA,216588000000,327611000000,501179000000,535298000000,582222000000,570951000000,488637000000,585021000000,620461000000,651122000000,639048000000,..
Merchandise exports (current US$),TX.VAL.MRCH.CD.WT,French Polynesia,PYF,111000000,221000000,173000000,153000000,148000000,133000000,72000000,113000000,131000000,244000000,159000000,..
Merchandise exports (current US$),TX.VAL.MRCH.CD.WT,Gabon,GAB,2204000000,2598000000,9503000000,5771000000,8584000000,7714000000,7345000000,8031000000,10470000000,12695000000,13100000000,..
Merchandise exports (current US$),TX.VAL.MRCH.CD.WT,"Gambia, The",GMB,31000000,16000000,105000000,124000000,140000000,133000000,61000000,33000000,40000000,287000000,264000000,..
Merchandise exports (current US$),TX.VAL.MRCH.CD.WT,Georgia,GEO,..,323000000,2117000000,2746000000,3380000000,3798000000,3341000000,4243000000,5583000000,6086000000,6559000000,..
Merchandise exports (current US$),TX.VAL.MRCH.CD.WT,Germany,DEU,421100000000,551810000000,1334355000000,1448191000000,1560539000000,1489412000000,1382533000000,1627375000000,1676472000000,1702278000000,1681655000000,..
Merchandise exports (current US$),TX.VAL.MRCH.CD.WT,Ghana,GHA,897000000,1671000000,11138000000,13835000000,14943000000,15668000000,14472000000,14727000000,17276000000,16703000000,20221000000,..
Merchandise exports (current US$),TX.VAL.MRCH.CD.WT,Gibraltar,GIB,..,..,307000000,..,..,..,..,..,..,..,..,..
Merchandise exports (current US$),TX.VAL.MRCH.CD.WT,Greece,GRC,8105000000,11751000000,28151000000,32627000000,39502000000,37907000000,35215000000,47218000000,58524000000,55153000000,54025000000,..
Merchandise exports (current US$),TX.VAL.MRCH.CD.WT,Greenland,GRL,452000000,273000000,575000000,596000000,699000000,826000000,816000000,802000000,825000000,903000000,757000000,..
Merchandise exports (current US$),TX.VAL.MRCH.CD.WT,Grenada,GRD,27000000,48000000,30000000,30000000,31000000,34000000,25000000,35000000,37000000,46000000,33000000,..
Merchandise exports (current US$),TX.VAL.MRCH.CD.WT,Guam,GUM,82000000,74000000,33000000,33000000,34000000,32000000,36000000,44000000,33000000,44000000,42000000,..
Merchandise exports (current US$),TX.VAL.MRCH.CD.WT,Guatemala,GTM,1163000000,2711000000,10447000000,10990000000,10769000000,11175000000,11521000000,13753000000,15695000000,14199000000,14601000000,..
Merchandise exports (current US$),TX.VAL.MRCH.CD.WT,Guinea,GIN,671000000,666000000,2414000000,4594000000,3978000000,3945000000,8931000000,10239000000,8753000000,9180000000,9859000000,..
Merchandise exports (current US$),TX.VAL.MRCH.CD.WT,Guinea-Bissau,GNB,19000000,62000000,277000000,339000000,339000000,249000000,214000000,300000000,245000000,240000000,246000000,..
Merchandise exports (current US$),TX.VAL.MRCH.CD.WT,Guyana,GUY,257000000,498000000,1441000000,1437000000,1339000000,1567000000,2590000000,4356000000,11281000000,13210000000,19792000000,..
Merchandise exports (current US$),TX.VAL.MRCH.CD.WT,Haiti,HTI,160000000,318000000,986000000,980000000,1078000000,1202000000,885000000,1130000000,1282000000,898000000,711000000,..
Merchandise exports (current US$),TX.VAL.MRCH.CD.WT,Honduras,HND,934000000,3343000000,7960000000,8656000000,8644000000,8788000000,7683000000,10247000000,12281000000,11383000000,11083000000,..
Merchandise exports (current US$),TX.VAL.MRCH.CD.WT,"Hong Kong SAR, China",HKG,82390000000,202683000000,516635000000,549865000000,568456000000,534887000000,548773000000,669903000000,609925000000,573871000000,645537000000,..
Merchandise exports (current US$),TX.VAL.MRCH.CD.WT,Hungary,HUN,10000000000,28192000000,101919000000,113806000000,124705000000,123796000000,120654000000,141830000000,151672000000,161303000000,157208000000,..
Merchandise exports (current US$),TX.VAL.MRCH.CD.WT,Iceland,ISL,1592000000,1901000000,4436000000,4878000000,5556000000,5223000000,4582000000,5987000000,7389000000,6789000000,6936000000,..
Merchandise exports (current US$),TX.VAL.MRCH.CD.WT,India,IND,17969000000,42379000000,264542000000,299241000000,324778000000,324340000000,276410000000,395426000000,453415000000,431559000000,442762000000,..
Merchandise exports (current US$),TX.VAL.MRCH.CD.WT,Indonesia,IDN,25675000000,65403000000,144490000000,168811000000,180124000000,167683000000,163306000000,231506000000,291979000000,258857000000,264706000000,..
Merchandise exports (current US$),TX.VAL.MRCH.CD.WT,"Iran, Islamic Rep.",IRN,19305000000,28739000000,72903000000,92764000000,103422000000,65718000000,46916000000,71646000000,97852000000,97357000000,112556000000,..
Merchandise exports (current US$),TX.VAL.MRCH.CD.WT,Iraq,IRQ,10314000000,20380000000,41298000000,57559000000,86360000000,80211000000,46863000000,73084000000,118045000000,99149000000,100990000000,..
Merchandise exports (current US$),TX.VAL.MRCH.CD.WT,Ireland,IRL,23743000000,77413000000,130864000000,137359000000,164794000000,169625000000,180104000000,190658000000,214156000000,208320000000,241612000000,..
Merchandise exports (current US$),TX.VAL.MRCH.CD.WT,Isle of Man,IMN,..,..,..,..,..,..,..,..,..,..,..,..
Merchandise exports (current US$),TX.VAL.MRCH.CD.WT,Israel,ISR,12080000000,31404000000,60571000000,61150000000,61952000000,58507000000,50152000000,60159000000,73585000000,63345000000,62270000000,..
Merchandise exports (current US$),TX.VAL.MRCH.CD.WT,Italy,ITA,170304000000,240518000000,461737000000,507418000000,549526000000,537718000000,499792000000,615635000000,658557000000,676724000000,674455000000,..
Merchandise exports (current US$),TX.VAL.MRCH.CD.WT,Jamaica,JAM,1158000000,1295000000,1202000000,1310000000,1961000000,1651000000,1251000000,1481000000,1901000000,2002000000,1867000000,..
Merchandise exports (current US$),TX.VAL.MRCH.CD.WT,Japan,JPN,287581000000,479249000000,645052000000,698329000000,738143000000,705564000000,641319000000,756032000000,746835000000,717261000000,707009000000,..
Merchandise exports (current US$),TX.VAL.MRCH.CD.WT,Jordan,JOR,1064000000,1899000000,7549000000,7511000000,7750000000,8317000000,7943000000,9358000000,12780000000,12552000000,13286000000,..
Merchandise exports (current US$),TX.VAL.MRCH.CD.WT,Kazakhstan,KAZ,..,8812000000,36685000000,48304000000,60956000000,57309000000,46447000000,60625000000,84593000000,78533000000,82471000000,..
Merchandise exports (current US$),TX.VAL.MRCH.CD.WT,Kenya,KEN,1032000000,1734000000,5695000000,5747000000,6052000000,5839000000,6034000000,6739000000,7411000000,7191000000,8237000000,..
Merchandise exports (current US$),TX.VAL.MRCH.CD.WT,Kiribati,KIR,3000000,4000000,11000000,15000000,8000000,12000000,9000000,9000000,9000000,19000000,24000000,..
Merchandise exports (current US$),TX.VAL.MRCH.CD.WT,"Korea, Dem. People's Rep.",PRK,1857000000,708000000,3006000000,1770000000,251000000,280000000,90000000,80000000,160000000,330000000,363000000,..
Merchandise exports (current US$),TX.VAL.MRCH.CD.WT,"Korea, Rep.",KOR,65016000000,172268000000,495426000000,573694000000,604860000000,542233000000,512498000000,644400000000,683585000000,632226000000,683609000000,..
Merchandise exports (current US$),TX.VAL.MRCH.CD.WT,Kosovo,XKX,..,..,..,..,..,..,..,..,..,..,..,..
Merchandise exports (current US$),TX.VAL.MRCH.CD.WT,Kuwait,KWT,7042000000,19436000000,46273000000,55015000000,71938000000,64483000000,40116000000,63128000000,99985000000,83981000000,75993000000,..
Merchandise exports (current US$),TX.VAL.MRCH.CD.WT,Kyrgyz Republic,KGZ,..,511000000,1573000000,1764000000,1837000000,1986000000,1973000000,2752000000,2255000000,3385000000,3828000000,..
Merchandise exports (current US$),TX.VAL.MRCH.CD.WT,Lao PDR,LAO,79000000,330000000,4245000000,4873000000,5408000000,5806000000,6115000000,7695000000,8198000000,8370000000,9386000000,..
Merchandise exports (current US$),TX.VAL.MRCH.CD.WT,Latvia,LVA,..,1868000000,12294000000,14126000000,16166000000,15705000000,16337000000,20833000000,24100000000,22650000000,20666000000,..
Merchandise exports (current US$),TX.VAL.MRCH.CD.WT,Lebanon,LBN,494000000,715000000,3930000000,4026000000,3830000000,4829000000,4085000000,4138000000,4485000000,4139000000,3781000000,..
Merchandise exports (current US$),TX.VAL.MRCH.CD.WT,Lesotho,LSO,62000000,220000000,881000000,1028000000,1221000000,919000000,845000000,935000000,894000000,825000000,992000000,..
Merchandise exports (current US$),TX.VAL.MRCH.CD.WT,Liberia,LBR,868000000,329000000,279000000,358000000,548000000,543000000,608000000,881000000,1027000000,1123000000,1304000000,..
Merchandise exports (current US$),TX.VAL.MRCH.CD.WT,Libya,LBY,13878000000,10081000000,20880000000,20881000000,30994000000,29250000000,8443000000,30972000000,39196000000,33080000000,29064000000,..
Merchandise exports (current US$),TX.VAL.MRCH.CD.WT,Liechtenstein,LIE,..,..,..,..,..,..,..,..,..,..,..,..
Merchandise exports (current US$),TX.VAL.MRCH.CD.WT,Lithuania,LTU,..,3810000000,25010000000,29901000000,33337000000,33151000000,32805000000,40706000000,46485000000,42981000000,39715000000,..
Merchandise exports (current US$),TX.VAL.MRCH.CD.WT,Luxembourg,LUX,..,8378000000,15796000000,15761000000,16412000000,16451000000,13839000000,16800000000,17377000000,17189000000,16215000000,..
Merchandise exports (current US$),TX.VAL.MRCH.CD.WT,"Macao SAR, China",MAC,1701000000,2539000000,1257000000,1406000000,1510000000,1586000000,1353000000,1620000000,1677000000,1654000000,1678000000,..
Merchandise exports (current US$),TX.VAL.MRCH.CD.WT,Madagascar,MDG,319000000,824000000,2254000000,2848000000,3110000000,2696000000,2026000000,2729000000,3652000000,3340000000,2582000000,..
Merchandise exports (current US$),TX.VAL.MRCH.CD.WT,Malawi,MWI,417000000,379000000,1022000000,839000000,838000000,899000000,771000000,1009000000,900000000,966000000,947000000,..
Merchandise exports (current US$),TX.VAL.MRCH.CD.WT,Malaysia,MYS,29452000000,98229000000,189743000000,218130000000,247455000000,238195000000,234766000000,299425000000,352094000000,312965000000,330419000000,..
Merchandise exports (current US$),TX.VAL.MRCH.CD.WT,Maldives,MDV,78000000,109000000,256000000,318000000,339000000,361000000,286000000,285000000,400000000,421000000,383000000,..
Merchandise exports (current US$),TX.VAL.MRCH.CD.WT,Mali,MLI,359000000,545000000,2826000000,2896000000,3584000000,3675000000,4794000000,4858000000,5376000000,5655000000,5486000000,..
Merchandise exports (current US$),TX.VAL.MRCH.CD.WT,Malta,MLT,1133000000,2453000000,3186000000,2858000000,3192000000,3178000000,2837000000,3064000000,3253000000,3467000000,3782000000,..
Merchandise exports (current US$),TX.VAL.MRCH.CD.WT,Marshall Islands,MHL,3000000,9000000,36000000,40000000,41000000,55000000,44000000,90000000,96000000,64000000,65000000,..
Merchandise exports (current US$),TX.VAL.MRCH.CD.WT,Mauritania,MRT,469000000,355000000,1623000000,1989000000,2052000000,2266000000,2829000000,3267000000,3778000000,4065000000,4145000000,..
Merchandise exports (current US$),TX.VAL.MRCH.CD.WT,Mauritius,MUS,1194000000,1557000000,2359000000,2342000000,2366000000,2223000000,1789000000,1962000000,2388000000,2295000000,2368000000,..
Merchandise exports (current US$),TX.VAL.MRCH.CD.WT,Mexico,MEX,40711000000,166367000000,373948000000,409433000000,450713000000,460604000000,417171000000,494949000000,577698000000,593005000000,617100000000,..
Merchandise exports (current US$),TX.VAL.MRCH.CD.WT,"Micronesia, Fed. Sts.",FSM,4000000,22000000,49000000,46000000,47000000,41000000,125000000,115000000,111000000,106000000,185000000,..
Merchandise exports (current US$),TX.VAL.MRCH.CD.WT,Moldova,MDA,..,472000000,2045000000,2425000000,2706000000,2779000000,2467000000,3144000000,4332000000,4049000000,3555000000,..
Merchandise exports (current US$),TX.VAL.MRCH.CD.WT,Monaco,MCO,..,..,..,..,..,..,..,..,..,..,..,..
Merchandise exports (current US$),TX.VAL.MRCH.CD.WT,Mongolia,MNG,661000000,536000000,4916000000,6201000000,7012000000,7620000000,7576000000,9241000000,12539000000,15187000000,15783000000,..
Merchandise exports (current US$),TX.VAL.MRCH.CD.WT,Montenegro,MNE,..,..,361000000,421000000,472000000,465000000,419000000,515000000,742000000,729000000,664000000,..
Merchandise exports (current US$),TX.VAL.MRCH.CD.WT,Morocco,MAR,4265000000,7432000000,22661000000,25272000000,28609000000,29132000000,27159000000,35843000000,41481000000,41642000000,45226000000,..
Merchandise exports (current US$),TX.VAL.MRCH.CD.WT,Mozambique,MOZ,126000000,364000000,3328000000,4755000000,6037000000,4787000000,3720000000,5704000000,8299000000,8276000000,8211000000,..
Merchandise exports (current US$),TX.VAL.MRCH.CD.WT,Myanmar,MMR,325000000,1620000000,11831000000,13879000000,16614000000,17997000000,16692000000,15154000000,17085000000,14753000000,14924000000,..
Merchandise exports (current US$),TX.VAL.MRCH.CD.WT,Namibia,NAM,1085000000,1320000000,4084000000,5229000000,7488000000,4743000000,3868000000,4417000000,5828000000,5526000000,6544000000,..
Merchandise exports (current US$),TX.VAL.MRCH.CD.WT,Nauru,NRU,..,..,18000000,15000000,9000000,14000000,12000000,31000000,43000000,38000000,34000000,..
Merchandise exports (current US$),TX.VAL.MRCH.CD.WT,Nepal,NPL,204000000,804000000,696000000,742000000,786000000,968000000,856000000,1684000000,1296000000,1145000000,1316000000,..
Merchandise exports (current US$),TX.VAL.MRCH.CD.WT,Netherlands,NLD,131775000000,233130000000,570606000000,652065000000,726697000000,708596000000,674602000000,840032000000,963492000000,936171000000,921218000000,..
Merchandise exports (current US$),TX.VAL.MRCH.CD.WT,New Caledonia,NCL,449000000,604000000,1330000000,1561000000,1929000000,1700000000,1722000000,1835000000,2552000000,2116000000,1237000000,..
Merchandise exports (current US$),TX.VAL.MRCH.CD.WT,New Zealand,NZL,9394000000,13297000000,33756000000,38075000000,39673000000,39517000000,38377000000,44777000000,45102000000,41399000000,42289000000,..
Merchandise exports (current US$),TX.VAL.MRCH.CD.WT,Nicaragua,NIC,330000000,881000000,4782000000,5170000000,5014000000,5272000000,5087000000,6495000000,7360000000,7378000000,7522000000,..
Merchandise exports (current US$),TX.VAL.MRCH.CD.WT,Niger,NER,282000000,283000000,1032000000,1206000000,1202000000,1126000000,1116000000,1212000000,1046000000,992000000,1749000000,..
Merchandise exports (current US$),TX.VAL.MRCH.CD.WT,Nigeria,NGA,13596000000,20975000000,33302000000,44468000000,60547000000,62531000000,35634000000,46871000000,63075000000,55182000000,53320000000,..
Merchandise exports (current US$),TX.VAL.MRCH.CD.WT,North Macedonia,MKD,..,1323000000,4790000000,5668000000,6911000000,7189000000,6638000000,8186000000,8727000000,8999000000,8422000000,..
Merchandise exports (current US$),TX.VAL.MRCH.CD.WT,Northern Mariana Islands,MNP,..,1017000000,6000000,5000000,5000000,5000000,5000000,3000000,5000000,4000000,6000000,..
Merchandise exports (current US$),TX.VAL.MRCH.CD.WT,Norway,NOR,34047000000,60058000000,88410000000,101054000000,121791000000,102799000000,84459000000,160106000000,250518000000,178537000000,167916000000,..
Merchandise exports (current US$),TX.VAL.MRCH.CD.WT,Oman,OMN,5508000000,11319000000,30014000000,32904000000,41761000000,38724000000,33479000000,44591000000,66063000000,59011000000,63016000000,..
Merchandise exports (current US$),TX.VAL.MRCH.CD.WT,Pakistan,PAK,5589000000,9028000000,20375000000,21569000000,23425000000,23329000000,21979000000,28319000000,30901000000,28470000000,32320000000,..
Merchandise exports (current US$),TX.VAL.MRCH.CD.WT,Palau,PLW,..,12000000,7000000,6000000,4000000,4000000,7000000,2000000,8000000,7000000,3000000,..
Merchandise exports (current US$),TX.VAL.MRCH.CD.WT,Panama,PAN,340000000,859000000,11195000000,11093000000,11480000000,11318000000,9483000000,13161000000,15278000000,16738000000,13181000000,..
Merchandise exports (current US$),TX.VAL.MRCH.CD.WT,Papua New Guinea,PNG,1177000000,2096000000,8194000000,9952000000,10524000000,10946000000,9077000000,10842000000,14614000000,12831000000,13396000000,..
Merchandise exports (current US$),TX.VAL.MRCH.CD.WT,Paraguay,PRY,959000000,2200000000,8494000000,8680000000,9042000000,7968000000,8518000000,10547000000,9957000000,11891000000,10880000000,..
Merchandise exports (current US$),TX.VAL.MRCH.CD.WT,Peru,PER,3280000000,6955000000,36516000000,43454000000,48019000000,46444000000,39600000000,59648000000,62911000000,64715000000,73029000000,..
Merchandise exports (current US$),TX.VAL.MRCH.CD.WT,Philippines,PHL,8117000000,38078000000,56313000000,68713000000,67488000000,70334000000,63879000000,74618000000,78930000000,73527000000,72984000000,..
Merchandise exports (current US$),TX.VAL.MRCH.CD.WT,Poland,POL,14320000000,31747000000,203817000000,234364000000,263569000000,266595000000,273835000000,340634000000,360542000000,381517000000,380064000000,..
Merchandise exports (current US$),TX.VAL.MRCH.CD.WT,Portugal,PRT,16417000000,24363000000,55372000000,62130000000,68361000000,67063000000,61496000000,75229000000,82463000000,83621000000,85737000000,..
Merchandise exports (current US$),TX.VAL.MRCH.CD.WT,Puerto Rico (US),PRI,..,..,..,..,..,..,..,..,..,..,..,..
Merchandise exports (current US$),TX.VAL.MRCH.CD.WT,Qatar,QAT,3641000000,11594000000,57309000000,67498000000,84905000000,72935000000,51504000000,87203000000,130964000000,97751000000,94286000000,..
Merchandise exports (current US$),TX.VAL.MRCH.CD.WT,Romania,ROU,4960000000,10412000000,63534000000,70761000000,79660000000,76871000000,70718000000,87388000000,96699000000,100607000000,100310000000,..
Merchandise exports (current US$),TX.VAL.MRCH.CD.WT,Russian Federation,RUS,..,105033000000,281710000000,352943000000,443914000000,419721000000,333530000000,494161000000,592075000000,424749000000,433092000000,..
Merchandise exports (current US$),TX.VAL.MRCH.CD.WT,Rwanda,RWA,110000000,52000000,731000000,1037000000,1122000000,1241000000,1408000000,1530000000,2111000000,2466000000,3201000000,..
Merchandise exports (current US$),TX.VAL.MRCH.CD.WT,Samoa,WSM,9000000,65000000,56000000,44000000,46000000,49000000,37000000,29000000,43000000,43000000,42000000,..
Merchandise exports (current US$),TX.VAL.MRCH.CD.WT,San Marino,SMR,..,..,..,..,..,..,..,..,..,..,..,..
Merchandise exports (current US$),TX.VAL.MRCH.CD.WT,Sao Tome and Principe,STP,4000000,3000000,14000000,15000000,16000000,13000000,14000000,21000000,22000000,24000000,29000000,..
Merchandise exports (current US$),TX.VAL.MRCH.CD.WT,Saudi Arabia,SAU,44417000000,77583000000,183579000000,221835000000,294373000000,261603000000,173854000000,276179000000,411184000000,320018000000,305499000000,..
Merchandise exports (current US$),TX.VAL.MRCH.CD.WT,Senegal,SEN,761000000,920000000,2640000000,2989000000,3623000000,4179000000,3929000000,5202000000,5710000000,5317000000,6405000000,..
Merchandise exports (current US$),TX.VAL.MRCH.CD.WT,Serbia,SRB,..,..,14874000000,16992000000,19227000000,19630000000,19498000000,25564000000,29058000000,30935000000,31586000000,..
Merchandise exports (current US$),TX.VAL.MRCH.CD.WT,Seychelles,SYC,56000000,194000000,460000000,547000000,569000000,518000000,432000000,464000000,537000000,541000000,556000000,..
Merchandise exports (current US$),TX.VAL.MRCH.CD.WT,Sierra Leone,SLE,138000000,13000000,624000000,567000000,554000000,635000000,423000000,697000000,1059000000,1328000000,1535000000,..
Merchandise exports (current US$),TX.VAL.MRCH.CD.WT,Singapore,SGP,52730000000,137804000000,330481000000,373446000000,412955000000,390763000000,362534000000,457357000000,515802000000,476252000000,505658000000,..
Merchandise exports (current US$),TX.VAL.MRCH.CD.WT,Sint Maarten (Dutch part),SXM,..,..,132000000,123000000,148000000,181000000,134000000,144000000,209000000,227000000,227000000,..
Merchandise exports (current US$),TX.VAL.MRCH.CD.WT,Slovak Republic,SVK,..,11832000000,77060000000,83414000000,93425000000,89509000000,86640000000,103891000000,108386000000,117494000000,115634000000,..
Merchandise exports (current US$),TX.VAL.MRCH.CD.WT,Slovenia,SVN,..,8770000000,32917000000,38443000000,44200000000,44943000000,44832000000,57352000000,69716000000,73045000000,79063000000,..
Merchandise exports (current US$),TX.VAL.MRCH.CD.WT,Solomon Islands,SLB,70000000,69000000,437000000,500000000,569000000,461000000,379000000,371000000,340000000,431000000,507000000,..
Merchandise exports (current US$),TX.VAL.MRCH.CD.WT,"Somalia, Fed. Rep.",SOM,150000000,123000000,615000000,464000000,534000000,570000000,513000000,503000000,733000000,992000000,1107000000,..
Merchandise exports (current US$),TX.VAL.MRCH.CD.WT,South Africa,ZAF,23549000000,29983000000,76214000000,88947000000,93970000000,90016000000,85834000000,123572000000,122901000000,110855000000,110076000000,..
Merchandise exports (current US$),TX.VAL.MRCH.CD.WT,South Sudan,SSD,..,..,..,..,..,1613000000,783000000,812000000,907000000,870000000,890000000,..
Merchandise exports (current US$),TX.VAL.MRCH.CD.WT,Spain,ESP,55642000000,115251000000,289981000000,319531000000,346754000000,334018000000,308317000000,379969000000,415462000000,422487000000,424234000000,..
Merchandise exports (current US$),TX.VAL.MRCH.CD.WT,Sri Lanka,LKA,1912000000,5430000000,10310000000,11360000000,11890000000,11940000000,10047000000,12499000000,13107000000,11911000000,12772000000,..
Merchandise exports (current US$),TX.VAL.MRCH.CD.WT,St. Kitts and Nevis,KNA,28000000,33000000,51000000,50000000,54000000,58000000,52000000,50000000,29000000,25000000,31000000,..
Merchandise exports (current US$),TX.VAL.MRCH.CD.WT,St. Lucia,LCA,127000000,43000000,120000000,127000000,62000000,82000000,55000000,59000000,79000000,80000000,92000000,..
Merchandise exports (current US$),TX.VAL.MRCH.CD.WT,St. Martin (French part),MAF,..,..,132000000,123000000,148000000,181000000,134000000,139000000,..,..,..,..
Merchandise exports (current US$),TX.VAL.MRCH.CD.WT,St. Vincent and the Grenadines,VCT,83000000,47000000,47000000,42000000,44000000,39000000,55000000,35000000,46000000,41000000,57000000,..
Merchandise exports (current US$),TX.VAL.MRCH.CD.WT,Sudan,SDN,374000000,1807000000,3094000000,4100000000,3478000000,3735000000,3803000000,5027000000,4357000000,3628000000,3134000000,..
Merchandise exports (current US$),TX.VAL.MRCH.CD.WT,Suriname,SUR,472000000,396000000,1439000000,1992000000,2180000000,2155000000,2193000000,2291000000,2836000000,2311000000,1411000000,..
Merchandise exports (current US$),TX.VAL.MRCH.CD.WT,Sweden,SWE,57540000000,87132000000,139290000000,152920000000,165968000000,160576000000,155496000000,189524000000,197736000000,197469000000,195790000000,..
Merchandise exports (current US$),TX.VAL.MRCH.CD.WT,Switzerland,CHE,63784000000,80500000000,302900000000,299603000000,310749000000,313934000000,319318000000,380194000000,400693000000,419982000000,446648000000,..
Merchandise exports (current US$),TX.VAL.MRCH.CD.WT,Syrian Arab Republic,SYR,4212000000,4634000000,2377000000,2555000000,2400000000,2609000000,2727000000,1823000000,2019000000,3033000000,3336000000,..
Merchandise exports (current US$),TX.VAL.MRCH.CD.WT,Tajikistan,TJK,..,785000000,899000000,1198000000,1073000000,1174000000,1407000000,2150000000,2142000000,2449000000,1947000000,..
Merchandise exports (current US$),TX.VAL.MRCH.CD.WT,Tanzania,TZA,331000000,734000000,4500000000,4113000000,4041000000,5005000000,6061000000,6391000000,6825000000,7275000000,8702000000,..
Merchandise exports (current US$),TX.VAL.MRCH.CD.WT,Thailand,THA,23068000000,68963000000,215388000000,236635000000,252957000000,246269000000,231634000000,272006000000,287425000000,285074000000,300529000000,..
Merchandise exports (current US$),TX.VAL.MRCH.CD.WT,Timor-Leste,TLS,..,..,20000000,23000000,45000000,154000000,264000000,615000000,373000000,164000000,85000000,..
Merchandise exports (current US$),TX.VAL.MRCH.CD.WT,Togo,TGO,268000000,363000000,1036000000,1016000000,1080000000,1055000000,1207000000,1300000000,1442000000,1572000000,1632000000,..
Merchandise exports (current US$),TX.VAL.MRCH.CD.WT,Tonga,TON,11000000,9000000,21000000,19000000,13000000,20000000,15000000,16000000,13000000,10000000,9000000,..
Merchandise exports (current US$),TX.VAL.MRCH.CD.WT,Trinidad and Tobago,TTO,1960000000,4274000000,7633000000,8741000000,10532000000,7192000000,5519000000,8620000000,13286000000,7864000000,7899000000,..
Merchandise exports (current US$),TX.VAL.MRCH.CD.WT,Tunisia,TUN,3526000000,5850000000,13572000000,14204000000,15535000000,14933000000,13799000000,16689000000,18561000000,19985000000,19943000000,..
Merchandise exports (current US$),TX.VAL.MRCH.CD.WT,Turkiye,TUR,12959000000,27775000000,149247000000,164495000000,177169000000,180833000000,169638000000,225214000000,254170000000,255627000000,261800000000,..
Merchandise exports (current US$),TX.VAL.MRCH.CD.WT,Turkmenistan,TKM,..,2506000000,6964000000,7458000000,9706000000,10622000000,6477000000,9445000000,13550000000,14427000000,12371000000,..
Merchandise exports (current US$),TX.VAL.MRCH.CD.WT,Turks and Caicos Islands,TCA,..,..,4000000,4000000,4000000,3000000,3000000,4000000,5000000,4000000,4000000,..
Merchandise exports (current US$),TX.VAL.MRCH.CD.WT,Tuvalu,TUV,0,0,0,0,0,0,0,0,0,0,..,..
Merchandise exports (current US$),TX.VAL.MRCH.CD.WT,Uganda,UGA,152000000,403000000,2482000000,2901000000,3087000000,3564000000,4149000000,3965000000,3577000000,6305000000,7900000000,..
Merchandise exports (current US$),TX.VAL.MRCH.CD.WT,Ukraine,UKR,..,14573000000,36360000000,43265000000,47336000000,50054000000,49192000000,68073000000,44134000000,36040000000,40407000000,..
Merchandise exports (current US$),TX.VAL.MRCH.CD.WT,United Arab Emirates,ARE,23544000000,49835000000,295031000000,313603000000,387964000000,389428000000,335297000000,425160000000,515621000000,570245000000,603646000000,..
Merchandise exports (current US$),TX.VAL.MRCH.CD.WT,United Kingdom,GBR,185172000000,283173000000,410856000000,440997000000,486439000000,460026000000,399529000000,472147000000,546151000000,525016000000,512633000000,..
Merchandise exports (current US$),TX.VAL.MRCH.CD.WT,United States,USA,393592000000,781918000000,1451011000000,1546273000000,1663982000000,1643161000000,1424935000000,1754300000000,2065157000000,2018059000000,2065131000000,..
Merchandise exports (current US$),TX.VAL.MRCH.CD.WT,Uruguay,URY,1693000000,2295000000,7043000000,7888000000,7498000000,7680000000,6864000000,9535000000,11184000000,9220000000,10238000000,..
Merchandise exports (current US$),TX.VAL.MRCH.CD.WT,Uzbekistan,UZB,..,2817000000,8974000000,10079000000,10921000000,14930000000,13097000000,14081000000,15276000000,19229000000,19744000000,..
Merchandise exports (current US$),TX.VAL.MRCH.CD.WT,Vanuatu,VUT,19000000,26000000,50000000,47000000,61000000,56000000,46000000,54000000,61000000,60000000,61000000,..
Merchandise exports (current US$),TX.VAL.MRCH.CD.WT,"Venezuela, RB",VEN,17497000000,33529000000,26696000000,31960000000,34440000000,17210000000,5010000000,3535000000,4750000000,7800000000,14310000000,..
Merchandise exports (current US$),TX.VAL.MRCH.CD.WT,Viet Nam,VNM,2404000000,14483000000,176581000000,215014000000,243699000000,264268000000,282629000000,335978000000,371288000000,353782000000,404824000000,..
Merchandise exports (current US$),TX.VAL.MRCH.CD.WT,Virgin Islands (U.S.),VIR,..,..,..,..,..,..,..,..,..,..,..,..
Merchandise exports (current US$),TX.VAL.MRCH.CD.WT,West Bank and Gaza,PSE,..,..,..,..,..,..,..,..,..,..,..,..
Merchandise exports (current US$),TX.VAL.MRCH.CD.WT,"Yemen, Rep.",YEM,692000000,4079000000,411000000,418000000,570000000,652000000,404000000,662000000,690000000,249000000,229000000,..
Merchandise exports (current US$),TX.VAL.MRCH.CD.WT,Zambia,ZMB,1309000000,892000000,6372000000,8000000000,9034000000,7039000000,7924000000,11013000000,11643000000,10431000000,11198000000,..
Merchandise exports (current US$),TX.VAL.MRCH.CD.WT,Zimbabwe,ZWE,1726000000,1925000000,3335000000,3481000000,4057000000,4269000000,4395000000,6036000000,6586000000,7225000000,7432000000,..
Merchandise exports (current US$),TX.VAL.MRCH.CD.WT,Africa Eastern and Southern,AFE,41553492192.9942,56189968529.7509,166906940483.164,197516652469.442,222870786318.612,200386281280.558,181819330427.085,254311908041.606,273240944610.531,259811587741.866,267211211654.596,..
Merchandise exports (current US$),TX.VAL.MRCH.CD.WT,Africa Western and Central,AFW,27434000000,39059000000,99561000000,116364000000,143604000000,140454000000,114264000000,140228000000,169713000000,161771000000,170260000000,..
Merchandise exports (current US$),TX.VAL.MRCH.CD.WT,Arab World,ARB,143190733682.649,261274300942.346,802116283576.181,911317272336.128,1156760897942.77,1092675429477.58,820601107847.493,1186554922531.46,1625561981559.34,1484224541449.93,1491039329445.85,..
Merchandise exports (current US$),TX.VAL.MRCH.CD.WT,Caribbean small states,CSS,3613000000,6468000000,12203000000,13867000000,15690000000,12590000000,11496000000,16800000000,29264000000,25315000000,30990000000,..
Merchandise exports (current US$),TX.VAL.MRCH.CD.WT,Central Europe and the Baltics,CEB,..,138839000000,732799000000,829023000000,925336000000,916319000000,903219000000,1103793000000,1197866000000,1247720000000,1247114000000,..
Merchandise exports (current US$),TX.VAL.MRCH.CD.WT,Early-demographic dividend,EAR,309870667690.666,695329587784.461,1841097580292.76,2072833733158.4,2309928601238.53,2220757497848.48,1892438336595.94,2564504112897.16,3096698712811.19,2877622061646.02,2954748318882.35,..
Merchandise exports (current US$),TX.VAL.MRCH.CD.WT,East Asia & Pacific,EAS,764872364497.714,1771084401459.09,5426277204255.37,6011228226274.03,6500482244690.48,6371018239817.21,6336918238533.62,7974034300157.78,8514091320486.55,8000651301159.69,8446824317954.49,..
Merchandise exports (current US$),TX.VAL.MRCH.CD.WT,East Asia & Pacific (excluding high income),EAP,155609662820.207,541832789939.362,2924014199873.47,3220292220125.8,3532798241487.42,3545561242359.84,3625177247802.06,4593988314025.96,5003319342006.13,4740155324017.33,5032739344017.16,..
Merchandise exports (current US$),TX.VAL.MRCH.CD.WT,East Asia & Pacific (IDA & IBRD countries),TEA,153759567183.953,541140476492.225,2921033199936.27,3218543220299.96,3532560241793.52,3545299242665.47,3625106248128.03,4593941314441.98,5003210342455.26,4739870324430.4,5032413344454.13,..
Merchandise exports (current US$),TX.VAL.MRCH.CD.WT,Euro area,EMU,1259502705087.43,1930354000000,4176589000000,4578782000000,5013495000000,4854009000000,4522875000000,5487464000000,5936116000000,5936778000000,5873943000000,..
Merchandise exports (current US$),TX.VAL.MRCH.CD.WT,Europe & Central Asia,ECS,1766231741236.19,2780196172658.09,6376310476392.5,7035890028874.99,7779770760119.48,7552330478766.21,7001403548952.79,8666062971198.83,9536761733391.2,9335456802972.38,9295811204083.73,..
Merchandise exports (current US$),TX.VAL.MRCH.CD.WT,Europe & Central Asia (excluding high income),ECA,..,72933462915.1865,310894496537.867,360971650587.44,408732791333.872,415834030566.848,375199161622.599,501810892769.25,561001904616.136,557109840755.648,566954649573.84,..
Merchandise exports (current US$),TX.VAL.MRCH.CD.WT,Europe & Central Asia (IDA & IBRD countries),TEC,..,229462710024.354,900335911734.531,1066550741135.16,1246916856262.21,1229546140527.48,1102430678306.75,1487036512752.38,1685728767995.11,1536880652551.7,1552931782151.88,..
Merchandise exports (current US$),TX.VAL.MRCH.CD.WT,European Union,EUU,1402165349397.44,2173075000000,4969739000000,5466719000000,5992948000000,5825391000000,5475897000000,6640506000000,7166407000000,7211335000000,7150224000000,..
Merchandise exports (current US$),TX.VAL.MRCH.CD.WT,Fragile and conflict affected situations,FCS,84559575820.6607,126718285027.332,232256673840.484,286500633886.668,366204177054.81,335538800578.841,235301716317.411,332378914702.127,386873033673.653,354154100085.658,367646600298.909,..
Merchandise exports (current US$),TX.VAL.MRCH.CD.WT,Heavily indebted poor countries (HIPC),HPC,20435229464.2857,27760000000,110397000000,131099000000,149155000000,137750000000,141053000000,179384000000,198629000000,210525000000,231681000000,..
Merchandise exports (current US$),TX.VAL.MRCH.CD.WT,High income,HIC,2981168684769.42,5273356716831.45,11267624952927.7,12390382550431.8,13622754282235.1,13152639917824.2,12041437714339.7,15030136098906.4,16757115146708.5,16110516537532.7,16284604109569.6,..
Merchandise exports (current US$),TX.VAL.MRCH.CD.WT,IBRD only,IBD,505192376367.12,1308003420731.78,5271334000000,5927538000000,6608933000000,6503303000000,6197624000000,8088897000000,9090815000000,8564715000000,8945969000000,..
Merchandise exports (current US$),TX.VAL.MRCH.CD.WT,IDA & IBRD total,IBT,563294414777.168,1402751218318.45,5543320251041.59,6244337487921.58,6972838142216.33,6867435684696.74,6526606344523.41,8493984728232.26,9551683668515.17,9024391092772.07,9441873851078.25,..
Merchandise exports (current US$),TX.VAL.MRCH.CD.WT,IDA blend,IDB,33816675821.1906,49081584155.0949,106688000000,124126000000,148178000000,150227000000,116223000000,146467000000,175752000000,167427000000,174080000000,..
Merchandise exports (current US$),TX.VAL.MRCH.CD.WT,IDA only,IDX,23886176342.4577,45796147816.7499,165619503677.15,193155864893.596,216276507326.582,214473549484.2,213402020763.984,259258395608.454,285771655300.731,293116681414.963,322907201589.258,..
Merchandise exports (current US$),TX.VAL.MRCH.CD.WT,IDA total,IDA,57926116426.3436,94992282364.8157,272004948255.59,316925967469.324,364149048763.698,364430872072.385,329169694018.874,405201860602.601,461027031070.448,459962075915.341,496288209123.959,..
Merchandise exports (current US$),TX.VAL.MRCH.CD.WT,Late-demographic dividend,LTE,325212428944.614,930898175810.436,4412717120395.32,4915889553074.53,5573544224709.56,5519459094715.11,5382743622978.61,6901145827578.7,7754632936954.68,7364465631713.85,7731023107540.54,..
Merchandise exports (current US$),TX.VAL.MRCH.CD.WT,Latin America & Caribbean,LCN,155015819017.181,394367858860.913,952131794498.623,1065718275928.21,1159443328827.29,1130073826893.46,1023827836561.32,1302658819063.89,1523956388587.43,1504219753795.53,1571258835610.93,..
Merchandise exports (current US$),TX.VAL.MRCH.CD.WT,Latin America & Caribbean (excluding high income),LAC,111568000000,295868000000,757082000000,847127000000,922972000000,921836000000,833601000000,1058724000000,1242078000000,1227756000000,1270617000000,..
Merchandise exports (current US$),TX.VAL.MRCH.CD.WT,Latin America & the Caribbean (IDA & IBRD countries),TLA,138301000000,361064000000,880481000000,985992000000,1072750000000,1045939000000,948125000000,1206479000000,1411310000000,1393519000000,1455807000000,..
Merchandise exports (current US$),TX.VAL.MRCH.CD.WT,Least developed countries: UN classification,LDC,18462527620.0708,35363183077.0982,151174915786.674,180116036679.439,208206306915.82,199107185977.599,187837024973.859,237051472899.656,267340156627.815,260945867749.15,279189050179.072,..
Merchandise exports (current US$),TX.VAL.MRCH.CD.WT,Low & middle income,LMY,471367443552.844,1181610459649.08,4832130865488.99,5400203159172.46,5984192703835.89,5928956780000.7,5683479361141.85,7359543286764.44,8256590739334.37,7878210137333.11,8269209396830.87,..
Merchandise exports (current US$),TX.VAL.MRCH.CD.WT,Low income,LIC,14344818496.3371,17615391889.2186,41000866575.5635,50612355148.6282,60273814956.5308,52501693112.6035,52388438621.9403,65744231829.9628,65526989125.1453,82114653662.1828,88094490769.1975,..
Merchandise exports (current US$),TX.VAL.MRCH.CD.WT,Lower middle income,LMC,89947251740.9993,202689083657.573,837406443588.448,968944942285.91,1074762334826.23,1099735664475.45,1005182031478.69,1293053934637.57,1481286121688.17,1395162516079.63,1483800094183.97,..
Merchandise exports (current US$),TX.VAL.MRCH.CD.WT,"Middle East, North Africa, Afghanistan & Pakistan",MEA,180545069835.316,330781533102.85,954402981241.767,1083809479157.14,1343484169643.85,1237563860956.18,936035859452.816,1341552370461.64,1822470169779,1668431228349.39,1693964443370.27,..
Merchandise exports (current US$),TX.VAL.MRCH.CD.WT,"Middle East, North Africa, Afghanistan & Pakistan (excluding high income)",MNA,79653636188.4146,121210259166.457,265745179177.725,313761620976.47,379522415378.001,330599261642.475,234626825507.435,359723856509.556,491676637211.44,445818169822.231,461277608344.33,..
Merchandise exports (current US$),TX.VAL.MRCH.CD.WT,"Middle East, North Africa, Afghanistan & Pakistan (IDA & IBRD)",TMN,79064000000,120313000000,263778000000,311439000000,376713000000,328152000000,232890000000,357061000000,488037000000,442518000000,457863000000,..
Merchandise exports (current US$),TX.VAL.MRCH.CD.WT,Middle income,MIC,457423443553.365,1164474656422.2,4791258951159.5,5350017621477.46,5924638975895.87,5876742774322.82,5631424939018.76,7294172396556.92,8191249953156.01,7796826889246.33,8181936441564.02,..
Merchandise exports (current US$),TX.VAL.MRCH.CD.WT,North America,NAC,521281000000,1058604000000,1841021000000,1966956000000,2116313000000,2092005000000,1815775000000,2263770000000,2667705000000,2588290000000,2633946000000,..
Merchandise exports (current US$),TX.VAL.MRCH.CD.WT,Not classified,INX,..,..,..,..,..,..,..,..,..,..,..,..
Merchandise exports (current US$),TX.VAL.MRCH.CD.WT,OECD members,OED,2665154238851.63,4626493000000,9560614000000,10448571000000,11352571000000,11043739000000,10171104000000,12486008000000,13824704000000,13583705000000,13622488000000,..
Merchandise exports (current US$),TX.VAL.MRCH.CD.WT,Other small states,OSS,..,17929115789.2001,39749863351.8006,44562286177.2853,52096019529.0859,50130506177.2853,46158714903.0471,61989690997.2299,70656018365.651,63827401911.3573,63510099307.4792,..
Merchandise exports (current US$),TX.VAL.MRCH.CD.WT,Pacific island small states,PSS,631238563.879507,809612889.702335,1611223223.52941,1688233892.81046,1839254815.68627,1745241790.84967,1500207843.13725,1532212277.12418,1779246501.96078,1846255785.62091,2063285853.59477,..
Merchandise exports (current US$),TX.VAL.MRCH.CD.WT,Post-demographic dividend,PST,2702201680721.51,4613984000000,9392311000000,10265228000000,11102325000000,10733955000000,9890195000000,12185504000000,13310513000000,12969153000000,13048097000000,..
Merchandise exports (current US$),TX.VAL.MRCH.CD.WT,Pre-demographic dividend,PRE,45929452858.7009,72157155285.8094,187501562320.329,239013324847.445,308411593308.76,284955073575.422,214270288741.052,293786651844.366,378737832343.954,351035137013.763,363265486073.054,..
Merchandise exports (current US$),TX.VAL.MRCH.CD.WT,Small states,SST,13595249954.0563,25145562682.2571,53342223012.3652,59873552865.9025,69294747606.3463,63972606501.2704,58686815897.9165,79754069910.677,101753607379.369,90976752751.1716,96968170740.8955,..
Merchandise exports (current US$),TX.VAL.MRCH.CD.WT,South Asia,SAS,21904000000,55214000000,311223000000,348085000000,377651000000,377620000000,321855000000,454901000000,520347000000,489914000000,505225000000,..
Merchandise exports (current US$),TX.VAL.MRCH.CD.WT,South Asia (IDA & IBRD),TSA,21904000000,55214000000,311223000000,348085000000,377651000000,377620000000,321855000000,454901000000,520347000000,489914000000,505225000000,..
Merchandise exports (current US$),TX.VAL.MRCH.CD.WT,Sub-Saharan Africa,SSF,68990481725.2466,95269144911.6403,266389160154.686,313775155300.367,366459427068.637,340922016107.385,296109548065.738,394505282765.29,442986050262.529,421614567743.407,437518226614.357,..
Merchandise exports (current US$),TX.VAL.MRCH.CD.WT,Sub-Saharan Africa (excluding high income),SSA,68640169995.346,94592651273.9233,263138475307.16,310206369872.362,363194310314.953,337668524768.665,292421161254.154,390096288863.97,438485203093.869,417612459107.538,432465068528.086,..
Merchandise exports (current US$),TX.VAL.MRCH.CD.WT,Sub-Saharan Africa (IDA & IBRD countries),TSS,68990481725.2466,95269144911.6403,266389160154.686,313775155300.367,366459427068.637,340922016107.385,296109548065.738,394505282765.29,442986050262.529,421614567743.407,437518226614.357,..
Merchandise exports (current US$),TX.VAL.MRCH.CD.WT,Upper middle income,UMC,367404457600.19,961764293343.59,3953927449139.03,4381233374610.03,4850058568108.45,4777264085104.44,4626378574631.22,6001273908793.77,6710204784269.53,6401860087573.5,6698386569400.69,..
Merchandise exports (current US$),TX.VAL.MRCH.CD.WT,World,WLD,3463210053216.73,6485088993726.49,16128591379115,17825225299195.1,19643905356792.5,19101924853130.6,17734606239848.6,22400091251404.6,25025918799059.2,24003103945660.7,24577153602106.8,..
,,,,,,,,,,,,,,,
,,,,,,,,,,,,,,,
,,,,,,,,,,,,,,,
Data from database: World Development Indicators,,,,,,,,,,,,,,,
Last Updated: 02/24/2026,,,,,,,,,,,,,,,
