country_name,country_code,year,exports_usd,port_teu,lsc_index,has_exports,has_port_traffic,has_lsc,complete_case,exports_log,port_teu_log,exports_tier,port_tier,lsc_tier
Afghanistan,AFG,2016,596000000.0,,,True,False,False,False,8.775246259740236,,Low,,
Albania,ALB,2016,1959000000.0,118829.0,16.515,True,True,True,True,9.292034435994736,5.074922442354038,Medium,Low,Low
Algeria,DZA,2016,30026000000.0,1831056.0,76.945,True,True,True,True,10.477497480263116,6.262701626726098,High,High,Medium
American Samoa,ASM,2016,388000000.0,65970.0,24.73,True,True,True,True,8.588831725594208,4.8193464840804525,Low,Low,Low
Andorra,AND,2016,97000000.0,,,True,False,False,False,7.986771734266245,,Low,,
Angola,AGO,2016,27589000000.0,541346.0,78.8125,True,True,True,True,10.440735959183332,5.733474932129605,High,Medium,Medium
Antigua and Barbuda,ATG,2016,61000000.0,16193.0,15.9325,True,True,True,True,7.785329835010767,4.209327315878065,Low,Low,Low
Argentina,ARG,2016,57910000000.0,1713267.0,104.8425,True,True,True,True,10.762753564933375,6.233825049825234,High,High,High
Armenia,ARM,2016,1792000000.0,,,True,False,False,False,9.253338005326107,,Low,,
Aruba,ABW,2016,284000000.0,31323.0,29.66,True,True,True,True,8.453318340047037,4.495863350482044,Low,Low,Low
Australia,AUS,2016,192505000000.0,7830344.0,156.5775,True,True,True,True,11.284442014074177,6.893780841753996,High,High,High
Austria,AUT,2016,152090000000.0,285900.0,,True,True,False,False,11.18210065989395,5.456214155357989,High,Medium,
Azerbaijan,AZE,2016,13108000000.0,,,True,False,False,False,10.117536432710338,,Medium,,
"Bahamas, The",BHS,2016,403000000.0,1261778.0,77.5625,True,True,True,True,8.60530504614111,6.100982950901717,Low,Medium,Medium
Bahrain,BHR,2016,12785000000.0,424602.0,44.225,True,True,True,True,10.106700732362354,5.627982035489231,Medium,Medium,Medium
Bangladesh,BGD,2016,34894000000.0,2387953.0,58.095,True,True,True,True,10.542750756732575,6.37802577470125,High,High,Medium
Barbados,BRB,2016,517000000.0,105321.0,38.675,True,True,True,True,8.713490543093943,5.022514973985304,Low,Low,Medium
Belarus,BLR,2016,23414000000.0,,,True,False,False,False,10.369475614018333,,High,,
Belgium,BEL,2016,398134000000.0,10321506.0,388.56,True,True,True,True,11.600029267214518,7.013743069362097,High,High,High
Belize,BLZ,2016,443000000.0,46040.0,28.880000000000003,True,True,True,True,8.64640372622307,4.663135314957755,Low,Low,Low
Benin,BEN,2016,1774000000.0,310500.0,57.8575,True,True,True,True,9.248953615495708,5.492061604512599,Low,Medium,Medium
Bermuda,BMU,2016,19000000.0,4437.324,7.77,True,True,True,True,7.278753600952829,3.6471211407460458,Low,Low,Low
Bhutan,BTN,2016,525000000.0,,,True,False,False,False,8.720159303405957,,Low,,
Bolivia,BOL,2016,7082000000.0,,,True,False,False,False,9.850155922422092,,Medium,,
Bosnia and Herzegovina,BIH,2016,5328000000.0,,,True,False,False,False,9.726564216162245,,Medium,,
Botswana,BWA,2016,7366000000.0,,,True,False,False,False,9.867231714518894,,Medium,,
Brazil,BRA,2016,179526000000.0,8804079.0,126.495,True,True,True,True,11.25412735452341,6.944683930872467,High,High,High
British Virgin Islands,VGB,2016,,52542.78,17.985,False,True,True,False,,4.720513047260852,,Low,Low
Brunei Darussalam,BRN,2016,4875000000.0,98606.0,25.9675,True,True,True,True,9.687974620034556,4.993903341793256,Medium,Low,Low
Bulgaria,BGR,2016,26572000000.0,206111.0,25.27,True,True,True,True,10.424424243769511,5.314101170390662,High,Medium,Low
Burkina Faso,BFA,2016,2509000000.0,,,True,False,False,False,9.39950066131461,,Medium,,
Burundi,BDI,2016,125000000.0,,,True,False,False,False,8.096910013008056,,Low,,
Cabo Verde,CPV,2016,55000000.0,62112.0,13.915,True,True,True,True,7.740362689494244,4.7931755137082686,Low,Low,Low
Cambodia,KHM,2016,10069000000.0,400187.0,36.9,True,True,True,True,10.002986340856785,5.602262976554152,Medium,Medium,Medium
Cameroon,CMR,2016,3305000000.0,370000.0,58.8625,True,True,True,True,9.519171463821658,5.568201724066995,Medium,Medium,Medium
Canada,CAN,2016,389991000000.0,5727822.0,154.84,True,True,True,True,11.591054584730506,6.757989513207107,High,High,High
Cayman Islands,CYM,2016,58000000.0,60718.0,6.67,True,True,True,True,7.763427993562937,4.783317457827,Low,Low,Low
Central African Republic,CAF,2016,115000000.0,,,True,False,False,False,8.060697840353612,,Low,,
Chad,TCD,2016,2090000000.0,,,True,False,False,False,9.320146286111054,,Medium,,
Channel Islands,CHI,2016,,,,False,False,False,False,,,,,
Chile,CHL,2016,60718000000.0,4170283.0,93.2575,True,True,True,True,10.783317457827,6.620165527675925,High,High,High
China,CHN,2016,2097632000000.0,202830580.0,914.01,True,True,True,True,12.321729299688027,8.30713343253538,High,High,High
Colombia,COL,2016,31757000000.0,3452348.0,194.12,True,True,True,True,10.501839469038945,6.53811456655134,High,High,High
Comoros,COM,2016,31000000.0,73309.69,19.7675,True,True,True,True,7.491361693834273,4.8651613830366545,Low,Low,Low
"Congo, Dem. Rep.",COD,2016,7193000000.0,59133.0,24.6725,True,True,True,True,9.856910060300786,4.771829912660453,Medium,Low,Low
"Congo, Rep.",COG,2016,7901000000.0,562889.0,72.4425,True,True,True,True,9.89768206179642,5.750422761742492,Medium,Medium,Medium
Costa Rica,CRI,2016,10361000000.0,1338979.0,90.405,True,True,True,True,10.015401673702948,6.126773765768067,Medium,Medium,High
Cote d'Ivoire,CIV,2016,10876000000.0,885750.0,81.4325,True,True,True,True,10.036469198915462,5.9473111610052145,Medium,Medium,Medium
Croatia,HRV,2016,13813000000.0,246596.0,60.595,True,True,True,True,10.140288011811867,5.3919860276854354,Medium,Medium,Medium
Cuba,CUB,2016,2317000000.0,325319.0,37.4175,True,True,True,True,9.364926033789976,5.512309428649783,Medium,Medium,Medium
Curacao,CUW,2016,419000000.0,98278.0,36.4175,True,True,True,True,8.622214022966295,4.992456309816571,Low,Low,Medium
Cyprus,CYP,2016,2965000000.0,360841.0,54.302499999999995,True,True,True,True,9.47202469770028,5.557315877711717,Medium,Medium,Medium
Czechia,CZE,2016,162692000000.0,,,True,False,False,False,11.211366198042725,,High,,
Denmark,DNK,2016,95326000000.0,715076.0,98.46,True,True,True,True,10.97921136985658,5.854352202117953,High,Medium,High
Djibouti,DJI,2016,1732000000.0,987400.0,86.08749999999999,True,True,True,True,9.238547887681328,5.9944931228835125,Low,Medium,Medium
Dominica,DMA,2016,18000000.0,7361.0,20.875,True,True,True,True,7.2552725051033065,3.866936817731639,Low,Low,Low
Dominican Republic,DOM,2016,9840000000.0,1486227.0,126.005,True,True,True,True,9.992995098431342,6.172085146785454,Medium,High,High
Ecuador,ECU,2016,16798000000.0,1907090.0,103.4125,True,True,True,True,10.225257576924099,6.280371188893445,Medium,High,High
"Egypt, Arab Rep.",EGY,2016,25468000000.0,5887541.0,242.0775,True,True,True,True,10.405994841191804,6.769933944512623,High,High,High
El Salvador,SLV,2016,5420000000.0,202165.0,28.4075,True,True,True,True,9.733999286538387,5.305705970134437,Medium,Medium,Low
Equatorial Guinea,GNQ,2016,4137000000.0,14281.0,27.0075,True,True,True,True,9.616685520895512,4.154758619154177,Medium,Low,Low
Eritrea,ERI,2016,436000000.0,12551.97,5.49,True,True,True,True,8.639486489268586,4.098711892588916,Low,Low,Low
Estonia,EST,2016,13171000000.0,204177.0,35.02,True,True,True,True,10.119618749752576,5.3100068183793585,Medium,Medium,Medium
Eswatini,SWZ,2016,1633000000.0,,,True,False,False,False,9.212986184736668,,Low,,
Faroe Islands,FRO,2016,1191679731.68217,33520.26,13.76,True,True,True,True,9.07615955284376,4.525307378577791,Low,Low,Low
Fiji,FJI,2016,926000000.0,244524.4,40.045,True,True,True,True,8.966610986681934,5.388322201932596,Low,Medium,Medium
Finland,FIN,2016,57908000000.0,1509479.0,93.485,True,True,True,True,10.762738565728347,6.178827075459441,High,High,High
France,FRA,2016,501179000000.0,5225656.0,288.19,True,True,True,True,11.699992865244717,6.718140817136617,High,High,High
French Polynesia,PYF,2016,173000000.0,69088.0,38.655,True,True,True,True,8.238046103128795,4.839402620654137,Low,Low,Medium
Gabon,GAB,2016,9503000000.0,146000.0,39.870000000000005,True,True,True,True,9.977860729264696,5.164352855784437,Medium,Low,Medium
"Gambia, The",GMB,2016,105000000.0,60000.0,25.3025,True,True,True,True,8.021189299069938,4.778151250383644,Low,Low,Low
Georgia,GEO,2016,2117000000.0,251011.0,17.6075,True,True,True,True,9.325720858019412,5.399692753889896,Medium,Medium,Low
Germany,DEU,2016,1334355000000.0,15126366.0,395.96,True,True,True,True,12.125271387324522,7.179734604446798,High,High,High
Ghana,GHA,2016,11138000000.0,942463.0,79.8375,True,True,True,True,10.04680721355374,5.9742643093168235,Medium,Medium,Medium
Gibraltar,GIB,2016,307000000.0,18621.03,9.795,True,True,True,True,8.487138375477187,4.2700036997895,Low,Low,Low
Greece,GRC,2016,28151000000.0,4088425.0,136.9625,True,True,True,True,10.44949382678126,6.611556035258015,High,High,High
Greenland,GRL,2016,575000000.0,8631.709,5.574999999999999,True,True,True,True,8.75966784468963,3.93609679059231,Low,Low,Low
Grenada,GRD,2016,30000000.0,19634.0,26.5075,True,True,True,True,7.477121254719663,4.2930087866585644,Low,Low,Low
Guam,GUM,2016,33000000.0,198209.0,28.15,True,True,True,True,7.518513939877887,5.297123370439854,Low,Medium,Low
Guatemala,GTM,2016,10447000000.0,1470101.0,96.6775,True,True,True,True,10.01899159470561,6.167347173003861,Medium,Medium,High
Guinea,GIN,2016,2414000000.0,176167.0,38.665,True,True,True,True,9.38273726576133,5.245924558672262,Medium,Medium,Medium
Guinea-Bissau,GNB,2016,277000000.0,26382.34,11.595,True,True,True,True,8.442479769064448,4.421313312969932,Low,Low,Low
Guyana,GUY,2016,1441000000.0,55168.0,42.8775,True,True,True,True,9.158663980813989,4.7416872398086,Low,Low,Medium
Haiti,HTI,2016,986000000.0,176879.0,45.61,True,True,True,True,8.993876914941211,5.247676274257962,Low,Medium,Medium
Honduras,HND,2016,7960000000.0,756641.0,68.97749999999999,True,True,True,True,9.900913067737669,5.878889870648665,Medium,Medium,Medium
"Hong Kong SAR, China",HKG,2016,516635000000.0,19580000.0,473.0,True,True,True,True,11.71318382458599,7.291812687467119,High,High,High
Hungary,HUN,2016,101919000000.0,,,True,False,False,False,11.008255153839269,,High,,
Iceland,ISL,2016,4436000000.0,308660.0,18.54,True,True,True,True,9.646991537477122,5.489480351850566,Medium,Medium,Low
India,IND,2016,264542000000.0,13724110.0,262.72,True,True,True,True,11.422494632591233,7.137484190308178,High,High,High
Indonesia,IDN,2016,144490000000.0,10535691.0,217.8325,True,True,True,True,11.159837791071107,7.022663024770469,High,High,High
"Iran, Islamic Rep.",IRN,2016,72903000000.0,2462028.0,112.295,True,True,True,True,10.862745400151145,6.391292987740848,High,High,High
Iraq,IRQ,2016,41298000000.0,220859.7,36.77,True,True,True,True,10.615929019937377,5.344116477916188,High,Medium,Medium
Ireland,IRL,2016,130864000000.0,916833.0,58.34,True,True,True,True,11.116820190846784,5.962290236669536,High,Medium,Medium
Isle of Man,IMN,2016,,,,False,False,False,False,,,,,
Israel,ISR,2016,60571000000.0,2711000.0,111.48,True,True,True,True,10.78226474372929,6.433129517580485,High,High,High
Italy,ITA,2016,461737000000.0,10589293.0,289.39,True,True,True,True,11.664394676916302,7.024866965164281,High,High,High
Jamaica,JAM,2016,1202000000.0,1567442.0,100.8225,True,True,True,True,9.07990446766672,6.195191479616962,Low,High,High
Japan,JPN,2016,645052000000.0,21678076.0,416.83,True,True,True,True,11.809594726112435,7.336020734523986,High,High,High
Jordan,JOR,2016,7549000000.0,792841.0,65.86500000000001,True,True,True,True,9.877889425371484,5.899186100626247,Medium,Medium,Medium
Kazakhstan,KAZ,2016,36685000000.0,,,True,False,False,False,10.564488523410793,,High,,
Kenya,KEN,2016,5695000000.0,1091000.0,56.335,True,True,True,True,9.75549372841512,6.037824750588342,Medium,Medium,Medium
Kiribati,KIR,2016,11000000.0,49005.46,16.685,True,True,True,True,7.041392685158225,4.690244470146241,Low,Low,Low
"Korea, Dem. People's Rep.",PRK,2016,3006000000.0,,,True,False,False,False,9.47798897625089,,Medium,,
"Korea, Rep.",KOR,2016,495426000000.0,25945418.0,536.4275,True,True,True,True,11.694978794660457,7.414060671894738,High,High,High
Kosovo,XKX,2016,,,,False,False,False,False,,,,,
Kuwait,KWT,2016,46273000000.0,944432.0,33.557500000000005,True,True,True,True,10.665327656863418,5.975170693768799,High,Medium,Medium
Kyrgyz Republic,KGZ,2016,1573000000.0,,,True,False,False,False,9.196728722623288,,Low,,
Lao PDR,LAO,2016,4245000000.0,,,True,False,False,False,9.627877694579972,,Medium,,
Latvia,LVA,2016,12294000000.0,388260.0,31.5025,True,True,True,True,10.089693208784839,5.5891226502058515,Medium,Medium,Low
Lebanon,LBN,2016,3930000000.0,1147219.0,99.0425,True,True,True,True,9.594392550375426,6.059646331077234,Medium,Medium,High
Lesotho,LSO,2016,881000000.0,,,True,False,False,False,8.944975908412047,,Low,,
Liberia,LBR,2016,279000000.0,112500.0,20.0675,True,True,True,True,8.445604203273598,5.051152522447381,Low,Low,Low
Libya,LBY,2016,20880000000.0,151551.5,49.9175,True,True,True,True,10.319730494330225,5.180560239209078,Medium,Low,Medium
Liechtenstein,LIE,2016,,,,False,False,False,False,,,,,
Lithuania,LTU,2016,25010000000.0,443000.0,43.5075,True,True,True,True,10.398113691730503,5.6464037262230695,High,Medium,Medium
Luxembourg,LUX,2016,15796000000.0,,,True,False,False,False,10.198547125064506,,Medium,,
"Macao SAR, China",MAC,2016,1257000000.0,,,True,False,False,False,9.099335277685958,,Low,,
Madagascar,MDG,2016,2254000000.0,138850.0,36.135,True,True,True,True,9.352953911710088,5.142545884086276,Medium,Low,Medium
Malawi,MWI,2016,1022000000.0,,,True,False,False,False,9.009450895798693,,Low,,
Malaysia,MYS,2016,189743000000.0,24569452.0,478.1825,True,True,True,True,11.278165762868179,7.390395470031966,High,High,High
Maldives,MDV,2016,256000000.0,81744.0,18.325000000000003,True,True,True,True,8.40823996531185,4.912455885338188,Low,Low,Low
Mali,MLI,2016,2826000000.0,,,True,False,False,False,9.45117215751254,,Medium,,
Malta,MLT,2016,3186000000.0,3151939.0,147.7675,True,True,True,True,9.503245771465112,6.498577803925467,Medium,High,High
Marshall Islands,MHL,2016,36000000.0,51613.32,21.21,True,True,True,True,7.556302500767287,4.712761795735434,Low,Low,Low
Mauritania,MRT,2016,1623000000.0,72523.0,25.235,True,True,True,True,9.210318519826233,4.860475760901927,Low,Low,Low
Mauritius,MUS,2016,2359000000.0,388514.0,72.99,True,True,True,True,9.372727940885595,5.589406673106553,Medium,Medium,Medium
Mexico,MEX,2016,373948000000.0,5678854.0,169.60250000000002,True,True,True,True,11.572811214812331,6.7542607033710045,High,High,High
"Micronesia, Fed. Sts.",FSM,2016,49000000.0,9814.813,7.65,True,True,True,True,7.690196080028514,3.991882029474305,Low,Low,Low
Moldova,MDA,2016,2045000000.0,735.0142,3.65,True,True,True,True,9.31069331234336,2.8662957294543605,Medium,Low,Low
Monaco,MCO,2016,,,,False,False,False,False,,,,,
Mongolia,MNG,2016,4916000000.0,,,True,False,False,False,9.691611874214416,,Medium,,
Montenegro,MNE,2016,361000000.0,30211.0,13.755,True,True,True,True,8.557507201905658,4.480165100887121,Low,Low,Low
Morocco,MAR,2016,22661000000.0,4106683.0,206.8075,True,True,True,True,10.355279070792133,6.6134911804129075,High,High,High
Mozambique,MOZ,2016,3328000000.0,,43.5325,True,False,True,False,9.522183317618687,,Medium,,Medium
Myanmar,MMR,2016,11831000000.0,1026216.0,52.73,True,True,True,True,10.07302145435974,6.011238781570136,Medium,Medium,Medium
Namibia,NAM,2016,4084000000.0,203071.0,53.975,True,True,True,True,9.611085733414873,5.307647907455876,Medium,Medium,Medium
Nauru,NRU,2016,18000000.0,7032.956,5.2425,True,True,True,True,7.2552725051033065,3.8471379003627906,Low,Low,Low
Nepal,NPL,2016,696000000.0,,,True,False,False,False,8.842609239610562,,Low,,
Netherlands,NLD,2016,570606000000.0,12612142.0,389.43,True,True,True,True,11.756336334010843,7.100788851821289,High,High,High
New Caledonia,NCL,2016,1330000000.0,108500.0,45.977500000000006,True,True,True,True,9.123851640967086,5.035429738184549,Low,Low,Medium
New Zealand,NZL,2016,33756000000.0,3000696.0,89.975,True,True,True,True,10.528350978212826,6.477221999353539,High,High,High
Nicaragua,NIC,2016,4782000000.0,156900.0,24.72,True,True,True,True,9.679609571779755,5.195622943586937,Medium,Medium,Low
Niger,NER,2016,1032000000.0,,,True,False,False,False,9.013679697291192,,Low,,
Nigeria,NGA,2016,33302000000.0,1272000.0,98.1325,True,True,True,True,10.522470316475722,6.104487111312395,High,Medium,High
North Macedonia,MKD,2016,4790000000.0,,,True,False,False,False,9.680335513414564,,Medium,,
Northern Mariana Islands,MNP,2016,6000000.0,44989.51,20.205,True,True,True,True,6.778151250383644,4.653111263104331,Low,Low,Low
Norway,NOR,2016,88410000000.0,716916.0,58.7825,True,True,True,True,10.946501390569587,5.855468272998911,High,Medium,Medium
Oman,OMN,2016,30014000000.0,3943846.0,143.3175,True,True,True,True,10.477323878202748,6.595919948192096,High,High,High
Pakistan,PAK,2016,20375000000.0,3074000.0,124.49,True,True,True,True,10.309097617412014,6.487703863163726,Medium,High,High
Palau,PLW,2016,7000000.0,22490.03,9.65,True,True,True,True,6.845098040014257,4.3519900347520295,Low,Low,Low
Panama,PAN,2016,11195000000.0,6271682.0,196.855,True,True,True,True,10.04902409791505,6.797384029723186,Medium,High,High
Papua New Guinea,PNG,2016,8194000000.0,,45.825,True,False,True,False,9.913495959617123,,Medium,,Medium
Paraguay,PRY,2016,8494000000.0,38430.0,4.45,True,True,True,True,9.92911225665466,4.584670384464348,Medium,Low,Low
Peru,PER,2016,36516000000.0,2321062.0,110.31,True,True,True,True,10.562483198405792,6.365686741446115,High,High,High
Philippines,PHL,2016,56313000000.0,7560607.0,166.455,True,True,True,True,10.750608664416847,6.878556664041954,High,High,High
Poland,POL,2016,203817000000.0,2032761.0,102.585,True,True,True,True,11.309240404882784,6.308086319866362,High,High,High
Portugal,PRT,2016,55372000000.0,2912946.0,156.89249999999998,True,True,True,True,10.743290210224544,6.464332433779951,High,High,High
Puerto Rico (US),PRI,2016,,1210500.0,,False,True,False,False,,6.082964793777752,,Medium,
Qatar,QAT,2016,57309000000.0,527952.0,39.78,True,True,True,True,10.758222830403815,5.722594439422561,High,Medium,Medium
Romania,ROU,2016,63534000000.0,711339.0,67.2025,True,True,True,True,10.803006198688662,5.852076620058003,High,Medium,Medium
Russian Federation,RUS,2016,281710000000.0,3472382.0,212.465,True,True,True,True,11.449802263626655,6.540627496275859,High,High,High
Rwanda,RWA,2016,731000000.0,,,True,False,False,False,8.863917376957861,,Low,,
Samoa,WSM,2016,56000000.0,34588.0,27.4275,True,True,True,True,7.748188027006201,4.5389254503035845,Low,Low,Low
San Marino,SMR,2016,,,,False,False,False,False,,,,,
Sao Tome and Principe,STP,2016,14000000.0,67523.29,14.9375,True,True,True,True,7.146128035678238,4.829453594666707,Low,Low,Low
Saudi Arabia,SAU,2016,183579000000.0,7683202.0,194.4375,True,True,True,True,11.263822999818716,6.885542251427336,High,High,High
Senegal,SEN,2016,2640000000.0,540000.0,56.97,True,True,True,True,9.421603926869832,5.732393759822968,Medium,Medium,Medium
Serbia,SRB,2016,14874000000.0,,,True,False,False,False,10.172427777151466,,Medium,,
Seychelles,SYC,2016,460000000.0,132214.6,24.885,True,True,True,True,8.662757831681574,5.121279415432013,Low,Low,Low
Sierra Leone,SLE,2016,624000000.0,89063.0,23.95,True,True,True,True,8.795184589682425,4.94969731982622,Low,Low,Low
Singapore,SGP,2016,330481000000.0,30903600.0,549.105,True,True,True,True,11.51914649609896,7.490009073893009,High,High,High
Sint Maarten (Dutch part),SXM,2016,132000000.0,97991.0,43.025,True,True,True,True,8.12057393120585,4.9911861896738525,Low,Low,Medium
Slovak Republic,SVK,2016,77060000000.0,,,True,False,False,False,10.886829004676983,,High,,
Slovenia,SVN,2016,32917000000.0,844000.0,73.5625,True,True,True,True,10.517420247475371,5.926342446625655,High,Medium,Medium
Solomon Islands,SLB,2016,437000000.0,181636.1,32.8975,True,True,True,True,8.640481436970422,5.259202168373925,Low,Medium,Medium
"Somalia, Fed. Rep.",SOM,2016,615000000.0,104800.4,25.3875,True,True,True,True,8.788875115775417,5.020362940257071,Low,Low,Low
South Africa,ZAF,2016,76214000000.0,4354666.0,127.7125,True,True,True,True,10.882034755647652,6.63895485052173,High,High,High
South Sudan,SSD,2016,,,,False,False,False,False,,,,,
Spain,ESP,2016,289981000000.0,15073218.0,393.22,True,True,True,True,11.462369543190409,7.178205980280708,High,High,High
Sri Lanka,LKA,2016,10310000000.0,5734000.0,212.8475,True,True,True,True,10.013258665283516,6.7584576886104655,Medium,High,High
St. Kitts and Nevis,KNA,2016,51000000.0,13216.0,22.7375,True,True,True,True,7.707570176097937,4.121100029976307,Low,Low,Low
St. Lucia,LCA,2016,120000000.0,38383.0,26.7225,True,True,True,True,8.079181246047625,4.5841389160098736,Low,Low,Low
St. Martin (French part),MAF,2016,132000000.0,,,True,False,False,False,8.12057393120585,,Low,,
St. Vincent and the Grenadines,VCT,2016,47000000.0,18236.0,32.7825,True,True,True,True,7.672097857935717,4.260929583529925,Low,Low,Medium
Sudan,SDN,2016,3094000000.0,465355.0,37.8275,True,True,True,True,9.49052030936335,5.667784384544663,Medium,Medium,Medium
Suriname,SUR,2016,1439000000.0,98652.0,40.23,True,True,True,True,9.158060793936604,4.994105894252773,Low,Low,Medium
Sweden,SWE,2016,139290000000.0,1509886.0,119.6625,True,True,True,True,11.143919938385837,6.1789441582601,High,High,High
Switzerland,CHE,2016,302900000000.0,114498.0,,True,True,False,False,11.481299273332855,5.0587979006798385,High,Low,
Syrian Arab Republic,SYR,2016,2377000000.0,253415.0,32.155,True,True,True,True,9.37602918172818,5.403832317826136,Medium,Medium,Medium
Tajikistan,TJK,2016,899000000.0,,,True,False,False,False,8.953759691733229,,Low,,
Tanzania,TZA,2016,4500000000.0,630290.0,53.255,True,True,True,True,9.653212513775344,5.799540416788838,Medium,Medium,Medium
Thailand,THA,2016,215388000000.0,9340560.0,215.64,True,True,True,True,11.333221503609334,6.970372914519089,High,High,High
Timor-Leste,TLS,2016,20000000.0,49177.0,11.595,True,True,True,True,7.301029995663981,4.6917620314546395,Low,Low,Low
Togo,TGO,2016,1036000000.0,821639.0,78.145,True,True,True,True,9.015359755409214,5.914681045344346,Low,Medium,Medium
Tonga,TON,2016,21000000.0,84702.43,27.0425,True,True,True,True,7.3222192947339195,4.927895869840185,Low,Low,Low
Trinidad and Tobago,TTO,2016,7633000000.0,427427.0,70.285,True,True,True,True,9.882695262381597,5.630861952504342,Medium,Medium,Medium
Tunisia,TUN,2016,13572000000.0,489670.0,43.83,True,True,True,True,10.13264385097308,5.689903497455916,Medium,Medium,Medium
Turkiye,TUR,2016,149247000000.0,8760769.0,220.36,True,True,True,True,11.173905610176346,6.942542229204438,High,High,High
Turkmenistan,TKM,2016,6964000000.0,,,True,False,False,False,9.842858762445294,,Medium,,
Turks and Caicos Islands,TCA,2016,4000000.0,,,True,False,False,False,6.6020599913279625,,Low,,
Tuvalu,TUV,2016,0.0,15844.34,8.79,True,True,True,True,,4.199874153256336,Low,Low,Low
Uganda,UGA,2016,2482000000.0,,,True,False,False,False,9.39480177716271,,Medium,,
Ukraine,UKR,2016,36360000000.0,680623.0,63.6575,True,True,True,True,10.560623874549929,5.832906620934208,High,Medium,Medium
United Arab Emirates,ARE,2016,295031000000.0,20652200.0,302.525,True,True,True,True,11.469867651305634,7.314966322189431,High,High,High
United Kingdom,GBR,2016,410856000000.0,10200229.0,403.76,True,True,True,True,11.613689633643498,7.008609921989365,High,High,High
United States,USA,2016,1451011000000.0,48149002.0,475.3625,True,True,True,True,12.161670704802445,7.682587289791087,High,High,High
Uruguay,URY,2016,7043000000.0,888119.0,84.4225,True,True,True,True,9.847757688392331,5.948471161252467,Medium,Medium,Medium
Uzbekistan,UZB,2016,8974000000.0,,,True,False,False,False,9.952986065197056,,Medium,,
Vanuatu,VUT,2016,50000000.0,115886.9,24.815,True,True,True,True,7.698970004336019,5.064034345547192,Low,Low,Low
Viet Nam,VNM,2016,176581000000.0,11282230.0,280.805,True,True,True,True,11.24694397195348,7.052394949024605,High,High,High
Virgin Islands (U.S.),VIR,2016,,,,False,False,False,False,,,,,
West Bank and Gaza,PSE,2016,,,,False,False,False,False,,,,,
"Yemen, Rep.",YEM,2016,411000000.0,268208.0,31.165,True,True,True,True,8.613841821876068,5.428471727669342,Low,Medium,Low
Zambia,ZMB,2016,6372000000.0,,,True,False,False,False,9.804275767129093,,Medium,,
Zimbabwe,ZWE,2016,3335000000.0,,,True,False,False,False,9.523095838252567,,Medium,,
Afghanistan,AFG,2017,723000000.0,,,True,False,False,False,8.85913829729453,,Low,,
Albania,ALB,2017,2292000000.0,118270.0,16.1575,True,True,True,True,9.360214613295353,5.072874596810989,Medium,Low,Low
Algeria,DZA,2017,35191000000.0,1725198.0,70.2525,True,True,True,True,10.546431608077343,6.236838946002162,High,High,Medium
American Samoa,ASM,2017,397000000.0,92270.0,25.5,True,True,True,True,8.598790506763114,4.965060520611199,Low,Low,Low
Andorra,AND,2017,118000000.0,,,True,False,False,False,8.071882007306126,,Low,,
Angola,AGO,2017,34613000000.0,683548.0,71.3725,True,True,True,True,10.53923924237364,5.834769016933376,High,Medium,Medium
Antigua and Barbuda,ATG,2017,21000000.0,17311.0,17.28,True,True,True,True,7.3222192947339195,4.238322156375554,Low,Low,Low
Argentina,ARG,2017,58644000000.0,1809153.0,104.2275,True,True,True,True,10.768223585075797,6.257475296680676,High,High,High
Armenia,ARM,2017,2245000000.0,,,True,False,False,False,9.351216345339342,,Medium,,
Aruba,ABW,2017,135000000.0,31689.0,25.555,True,True,True,True,8.130333768495007,4.5009085345095095,Low,Low,Low
Australia,AUS,2017,231131000000.0,7991508.0,145.995,True,True,True,True,11.363858198296247,6.902628738548458,High,High,High
Austria,AUT,2017,168026000000.0,285900.0,,True,True,False,False,11.225376488766699,5.456214155357989,High,Medium,
Azerbaijan,AZE,2017,15481000000.0,,,True,False,False,False,10.189799010639826,,Medium,,
"Bahamas, The",BHS,2017,473000000.0,920652.0,76.5075,True,True,True,True,8.674861140737812,5.964095500946045,Low,Medium,Medium
Bahrain,BHR,2017,15376000000.0,400307.0,47.7125,True,True,True,True,10.18684337032447,5.602393184496294,Medium,Medium,Medium
Bangladesh,BGD,2017,35851000000.0,2583549.0,57.51,True,True,True,True,10.554501274046356,6.412216702857801,High,High,Medium
Barbados,BRB,2017,485000000.0,107098.0,38.1575,True,True,True,True,8.685741738602264,5.029781360681771,Low,Low,Medium
Belarus,BLR,2017,29267000000.0,,,True,False,False,False,10.466378207564672,,High,,
Belgium,BEL,2017,429645000000.0,10783850.0,396.1625,True,True,True,True,11.63310976204949,7.032773838332069,High,High,High
Belize,BLZ,2017,457000000.0,44381.0,28.975,True,True,True,True,8.65991620006985,4.647197083601016,Low,Low,Low
Benin,BEN,2017,2216000000.0,333000.0,57.879999999999995,True,True,True,True,9.345569756056392,5.52244423350632,Medium,Medium,Medium
Bermuda,BMU,2017,18000000.0,4437.324,7.77,True,True,True,True,7.2552725051033065,3.6471211407460458,Low,Low,Low
Bhutan,BTN,2017,573000000.0,,,True,False,False,False,8.75815462196739,,Low,,
Bolivia,BOL,2017,7846000000.0,,,True,False,False,False,9.894648303793517,,Medium,,
Bosnia and Herzegovina,BIH,2017,6402000000.0,,,True,False,False,False,9.806315669808113,,Medium,,
Botswana,BWA,2017,5870000000.0,,,True,False,False,False,9.768638101247614,,Medium,,
Brazil,BRA,2017,214988000000.0,9380502.0,118.56,True,True,True,True,11.332414219547111,6.972226080382926,High,High,High
British Virgin Islands,VGB,2017,,49149.42,21.4525,False,True,True,False,,4.691518397197946,,Low,Low
Brunei Darussalam,BRN,2017,5571000000.0,104747.0,23.2475,True,True,True,True,9.745933158459442,5.020141593432098,Medium,Low,Low
Bulgaria,BGR,2017,31438000000.0,228545.0,25.465,True,True,True,True,10.497454909613177,5.358971724438902,High,Medium,Low
Burkina Faso,BFA,2017,2875000000.0,,,True,False,False,False,9.45863784902565,,Medium,,
Burundi,BDI,2017,172000000.0,,,True,False,False,False,8.23552844690755,,Low,,
Cabo Verde,CPV,2017,52000000.0,74554.0,13.8475,True,True,True,True,7.7160033436347994,4.872470949349374,Low,Low,Low
Cambodia,KHM,2017,11278000000.0,459835.0,34.5975,True,True,True,True,10.052232090252334,5.662602024193747,Medium,Medium,Medium
Cameroon,CMR,2017,3233000000.0,386367.0,56.38,True,True,True,True,9.509605704611555,5.587000025792294,Medium,Medium,Medium
Canada,CAN,2017,420665000000.0,6377236.0,160.405,True,True,True,True,11.62393637952545,6.804632489058956,High,High,High
Cayman Islands,CYM,2017,39000000.0,61940.0,6.67,True,True,True,True,7.5910646070264995,4.791971201020768,Low,Low,Low
Central African Republic,CAF,2017,140000000.0,,,True,False,False,False,8.146128035678238,,Low,,
Chad,TCD,2017,2621000000.0,,,True,False,False,False,9.4184670209466,,Medium,,
Channel Islands,CHI,2017,,,,False,False,False,False,,,,,
Chile,CHL,2017,68823000000.0,4407502.0,99.11,True,True,True,True,10.837733599628255,6.644192518041982,High,High,High
China,CHN,2017,2263346000000.0,218712874.0,929.1375,True,True,True,True,12.354750950068075,8.339874347475696,High,High,High
Colombia,COL,2017,36897000000.0,3877937.0,179.89499999999998,True,True,True,True,10.566991056229215,6.588600749359859,High,High,High
Comoros,COM,2017,39000000.0,52673.2,14.9,True,True,True,True,7.5910646070264995,4.721589703398803,Low,Low,Low
"Congo, Dem. Rep.",COD,2017,12296000000.0,52066.0,23.735,True,True,True,True,10.08976385449169,4.7165542140372105,Medium,Low,Low
"Congo, Rep.",COG,2017,8252000000.0,650000.0,76.5575,True,True,True,True,9.916559219301114,5.812913356642856,Medium,Medium,Medium
Costa Rica,CRI,2017,10769000000.0,1489326.0,87.1525,True,True,True,True,10.032175376961362,6.172989771294606,Medium,High,High
Cote d'Ivoire,CIV,2017,11853000000.0,907646.0,71.07249999999999,True,True,True,True,10.07382828440111,5.957916498054593,Medium,Medium,Medium
Croatia,HRV,2017,16069000000.0,288235.0,64.6025,True,True,True,True,10.205988850752451,5.459746715492379,Medium,Medium,Medium
Cuba,CUB,2017,2402000000.0,332240.0,34.85,True,True,True,True,9.380573003066887,5.521451918101822,Medium,Medium,Medium
Curacao,CUW,2017,425000000.0,93921.0,25.555,True,True,True,True,8.628388930050312,4.97276270796838,Low,Low,Low
Cyprus,CYP,2017,3288000000.0,345016.0,48.18,True,True,True,True,9.516931808868012,5.53783923579961,Medium,Medium,Medium
Czechia,CZE,2017,182142000000.0,,,True,False,False,False,11.26041010101217,,High,,
Denmark,DNK,2017,102506000000.0,820139.0,96.9875,True,True,True,True,11.010749286763755,5.913887464355787,High,Medium,High
Djibouti,DJI,2017,3162000000.0,928000.0,80.745,True,True,True,True,9.499961865596191,5.967547976218862,Medium,Medium,Medium
Dominica,DMA,2017,12000000.0,7425.0,18.22,True,True,True,True,7.079181246047625,3.8706964579892498,Low,Low,Low
Dominican Republic,DOM,2017,10135000000.0,1770295.0,131.9175,True,True,True,True,10.005823753029027,6.24804564274426,Medium,High,High
Ecuador,ECU,2017,19122000000.0,1990210.0,100.885,True,True,True,True,10.281533313857377,6.2988989040626615,Medium,High,High
"Egypt, Arab Rep.",EGY,2017,25604000000.0,6337413.0,217.1525,True,True,True,True,10.408307818523753,6.8019120103880555,High,High,High
El Salvador,SLV,2017,5760000000.0,209903.0,32.05,True,True,True,True,9.760422483423213,5.322018645700719,Medium,Medium,Medium
Equatorial Guinea,GNQ,2017,4970000000.0,13301.0,32.5625,True,True,True,True,9.696356388733331,4.123884293460008,Medium,Low,Medium
Eritrea,ERI,2017,583000000.0,12551.97,5.49,True,True,True,True,8.765668554759014,4.098711892588916,Low,Low,Low
Estonia,EST,2017,14559000000.0,229905.0,35.8675,True,True,True,True,10.163131546034949,5.361548416457607,Medium,Medium,Medium
Eswatini,SWZ,2017,1801000000.0,,,True,False,False,False,9.255513712819534,,Low,,
Faroe Islands,FRO,2017,1305756809.93165,34942.61,14.59,True,True,True,True,9.115862299496989,4.5433553410093515,Low,Low,Low
Fiji,FJI,2017,956000000.0,276943.9,42.665,True,True,True,True,8.9804578922761,5.442391803765009,Low,Medium,Medium
Finland,FIN,2017,68073000000.0,1630089.0,83.7475,True,True,True,True,10.832974890530204,6.21221131676819,High,High,Medium
France,FRA,2017,535298000000.0,5738031.0,287.64250000000004,True,True,True,True,11.728595620759508,6.758762890214018,High,High,High
French Polynesia,PYF,2017,153000000.0,69192.0,39.665,True,True,True,True,8.1846914308176,4.840055884099814,Low,Low,Medium
Gabon,GAB,2017,5771000000.0,156000.0,42.825,True,True,True,True,9.761251074308662,5.193124598354461,Medium,Medium,Medium
"Gambia, The",GMB,2017,124000000.0,62500.0,20.43,True,True,True,True,8.093421685162236,4.795880017344075,Low,Low,Low
Georgia,GEO,2017,2746000000.0,,20.3875,True,False,True,False,9.438700532900736,,Medium,,Low
Germany,DEU,2017,1448191000000.0,15163474.0,373.52,True,True,True,True,12.16082584416479,7.180798710939074,High,High,High
Ghana,GHA,2017,13835000000.0,1009755.0,77.99,True,True,True,True,10.14097916347697,6.004216012341687,Medium,Medium,Medium
Gibraltar,GIB,2017,,4626.185,7.01,False,True,True,False,,3.665222996111352,,Low,Low
Greece,GRC,2017,32627000000.0,4602808.0,159.8675,True,True,True,True,10.513577142946842,6.663022859256425,High,High,High
Greenland,GRL,2017,596000000.0,6998.705,5.52,True,True,True,True,8.775246259740236,3.8450176881023235,Low,Low,Low
Grenada,GRD,2017,30000000.0,21914.0,23.0825,True,True,True,True,7.477121254719663,4.340721657313007,Low,Low,Low
Guam,GUM,2017,33000000.0,198681.0,25.630000000000003,True,True,True,True,7.518513939877887,5.29815633721703,Low,Medium,Low
Guatemala,GTM,2017,10990000000.0,1389751.0,96.255,True,True,True,True,10.04099769242349,6.142936995208763,Medium,Medium,High
Guinea,GIN,2017,4594000000.0,203373.0,37.2825,True,True,True,True,9.662190990859008,5.308293295050092,Medium,Medium,Medium
Guinea-Bissau,GNB,2017,339000000.0,56819.16,13.825,True,True,True,True,8.530199698203083,4.754494808935291,Low,Low,Low
Guyana,GUY,2017,1437000000.0,57663.0,43.6625,True,True,True,True,9.157456768134226,4.760897233431185,Low,Low,Medium
Haiti,HTI,2017,980000000.0,177141.0,35.685,True,True,True,True,8.991226075692495,5.248319092036801,Low,Medium,Medium
Honduras,HND,2017,8656000000.0,797293.0,67.9425,True,True,True,True,9.937317247762493,5.901617951131212,Medium,Medium,Medium
"Hong Kong SAR, China",HKG,2017,549865000000.0,20760000.0,464.8575,True,True,True,True,11.74025607685478,7.31722734917642,High,High,High
Hungary,HUN,2017,113806000000.0,,,True,False,False,False,11.05616515923129,,High,,
Iceland,ISL,2017,4878000000.0,350348.0,19.7275,True,True,True,True,9.688241795977712,5.544499642618968,Medium,Medium,Low
India,IND,2017,299241000000.0,15450523.0,253.9225,True,True,True,True,11.476021097393854,7.188943184872162,High,High,High
Indonesia,IDN,2017,168811000000.0,12076306.0,224.0425,True,True,True,True,11.227400742548234,7.081934109023779,High,High,High
"Iran, Islamic Rep.",IRN,2017,92764000000.0,3091066.0,104.7125,True,True,True,True,10.967379467224179,6.490108278156089,High,High,High
Iraq,IRQ,2017,57559000000.0,823944.7,58.5675,True,True,True,True,10.760113240124635,5.91589806449957,High,Medium,Medium
Ireland,IRL,2017,137359000000.0,958488.0,52.57,True,True,True,True,11.137857120416818,5.981586680003433,High,Medium,Medium
Isle of Man,IMN,2017,,,,False,False,False,False,,,,,
Israel,ISR,2017,61150000000.0,2868000.0,113.4525,True,True,True,True,10.786396461372304,6.457579146995762,High,High,High
Italy,ITA,2017,507418000000.0,10666550.0,288.815,True,True,True,True,11.705365869196351,7.02802397347837,High,High,High
Jamaica,JAM,2017,1310000000.0,1560000.0,101.2075,True,True,True,True,9.117271295655764,6.193124598354461,Low,High,High
Japan,JPN,2017,698329000000.0,22795035.0,396.68,True,True,True,True,11.844060077668198,7.357840263363829,High,High,High
Jordan,JOR,2017,7511000000.0,796087.0,64.995,True,True,True,True,9.875697761980208,5.90096053200308,Medium,Medium,Medium
Kazakhstan,KAZ,2017,48304000000.0,,,True,False,False,False,10.683983095679023,,High,,
Kenya,KEN,2017,5747000000.0,1190000.0,57.4975,True,True,True,True,9.759441197133697,6.075546961392531,Medium,Medium,Medium
Kiribati,KIR,2017,15000000.0,53468.83,15.0025,True,True,True,True,7.176091259055681,4.7281006810125685,Low,Low,Low
"Korea, Dem. People's Rep.",PRK,2017,1770000000.0,,,True,False,False,False,9.247973266361807,,Low,,
"Korea, Rep.",KOR,2017,573694000000.0,27420698.0,537.5125,True,True,True,True,11.758680307821228,7.438078505657364,High,High,High
Kosovo,XKX,2017,,,,False,False,False,False,,,,,
Kuwait,KWT,2017,55015000000.0,964623.5,29.305,True,True,True,True,10.740481117295342,5.9843578379259075,High,Medium,Low
Kyrgyz Republic,KGZ,2017,1764000000.0,,,True,False,False,False,9.246498580795802,,Low,,
Lao PDR,LAO,2017,4873000000.0,,,True,False,False,False,9.687796411381294,,Medium,,
Latvia,LVA,2017,14126000000.0,449712.0,27.3625,True,True,True,True,10.150019201915148,5.6529344763254485,Medium,Medium,Low
Lebanon,LBN,2017,4026000000.0,1305038.0,95.6225,True,True,True,True,9.604873770552636,6.115623157613029,Medium,Medium,High
Lesotho,LSO,2017,1028000000.0,,,True,False,False,False,9.011993114659257,,Low,,
Liberia,LBR,2017,358000000.0,125000.0,21.1875,True,True,True,True,8.553883026643874,5.096910013008056,Low,Low,Low
Libya,LBY,2017,20881000000.0,212164.5,52.355,True,True,True,True,10.319751293376319,5.326672718189813,High,Medium,Medium
Liechtenstein,LIE,2017,,,,False,False,False,False,,,,,
Lithuania,LTU,2017,29901000000.0,472000.0,39.7725,True,True,True,True,10.475685712980605,5.6739419986340875,High,Medium,Medium
Luxembourg,LUX,2017,15761000000.0,,,True,False,False,False,10.197583769035777,,Medium,,
"Macao SAR, China",MAC,2017,1406000000.0,,,True,False,False,False,9.147985320683805,,Low,,
Madagascar,MDG,2017,2848000000.0,220000.0,31.57,True,True,True,True,9.45453998496482,5.342422680822207,Medium,Medium,Low
Malawi,MWI,2017,839000000.0,,,True,False,False,False,8.9237619608287,,Low,,
Malaysia,MYS,2017,218130000000.0,23719787.0,463.025,True,True,True,True,11.338715399363528,7.375110784812799,High,High,High
Maldives,MDV,2017,318000000.0,82761.0,13.0,True,True,True,True,8.502427119984432,4.917825729599523,Low,Low,Low
Mali,MLI,2017,2896000000.0,,,True,False,False,False,9.461798557525109,,Medium,,
Malta,MLT,2017,2858000000.0,3245812.0,139.8075,True,True,True,True,9.456062224454952,6.511323361538552,Medium,High,High
Marshall Islands,MHL,2017,40000000.0,74193.53,22.9775,True,True,True,True,7.6020599913279625,4.870366034553805,Low,Low,Low
Mauritania,MRT,2017,1989000000.0,88400.0,28.405,True,True,True,True,9.298634783124436,4.946452265013073,Medium,Low,Low
Mauritius,MUS,2017,2342000000.0,379371.0,68.4425,True,True,True,True,9.369586890736345,5.579064129342995,Medium,Medium,Medium
Mexico,MEX,2017,409433000000.0,6375338.0,162.9875,True,True,True,True,11.612182843554441,6.804503214618715,High,High,High
"Micronesia, Fed. Sts.",FSM,2017,46000000.0,11433.5,8.05,True,True,True,True,7.662757831681574,4.058179196100316,Low,Low,Low
Moldova,MDA,2017,2425000000.0,735.0142,3.65,True,True,True,True,9.384711742938283,2.8662957294543605,Medium,Low,Low
Monaco,MCO,2017,,,,False,False,False,False,,,,,
Mongolia,MNG,2017,6201000000.0,,,True,False,False,False,9.79246173134695,,Medium,,
Montenegro,MNE,2017,421000000.0,43732.0,11.6025,True,True,True,True,8.62428209583567,4.640799339432712,Low,Low,Low
Morocco,MAR,2017,25272000000.0,4509580.0,223.975,True,True,True,True,10.402639612897092,6.654136095719152,High,High,High
Mozambique,MOZ,2017,4755000000.0,,36.7425,True,False,True,False,9.677150521273433,,Medium,,Medium
Myanmar,MMR,2017,13879000000.0,1043469.0,44.9725,True,True,True,True,10.142358175763846,6.018479551313383,Medium,Medium,Medium
Namibia,NAM,2017,5229000000.0,176335.0,46.1025,True,True,True,True,9.718418641829656,5.2463385221589025,Medium,Medium,Medium
Nauru,NRU,2017,15000000.0,5536.052,4.4775,True,True,True,True,7.176091259055681,3.7432001607852254,Low,Low,Low
Nepal,NPL,2017,742000000.0,,,True,False,False,False,8.870403905279026,,Low,,
Netherlands,NLD,2017,652065000000.0,13992474.0,396.185,True,True,True,True,11.814290889802917,7.145894508598812,High,High,High
New Caledonia,NCL,2017,1561000000.0,113000.0,46.155,True,True,True,True,9.193402903062417,5.05307844348342,Low,Low,Medium
New Zealand,NZL,2017,38075000000.0,3198925.0,104.125,True,True,True,True,10.58063991200808,6.505004058005967,High,High,High
Nicaragua,NIC,2017,5170000000.0,190756.0,26.845,True,True,True,True,9.713490543093943,5.280478207051088,Medium,Medium,Low
Niger,NER,2017,1206000000.0,,,True,False,False,False,9.081347307804133,,Low,,
Nigeria,NGA,2017,44468000000.0,1408000.0,86.835,True,True,True,True,10.64804759698893,6.148602654806093,High,Medium,High
North Macedonia,MKD,2017,5668000000.0,,,True,False,False,False,9.753429841575423,,Medium,,
Northern Mariana Islands,MNP,2017,5000000.0,94910.77,21.7275,True,True,True,True,6.698970004336019,4.977315496791664,Low,Low,Low
Norway,NOR,2017,101054000000.0,764093.0,49.885,True,True,True,True,11.00455350878201,5.883146221047891,High,Medium,Medium
Oman,OMN,2017,32904000000.0,4785012.0,145.51,True,True,True,True,10.517248696501118,6.679883031251263,High,High,High
Pakistan,PAK,2017,21569000000.0,3284000.0,118.145,True,True,True,True,10.333830010445647,6.516403148447403,High,High,High
Palau,PLW,2017,6000000.0,20009.41,9.26,True,True,True,True,6.778151250383644,4.3012342831628505,Low,Low,Low
Panama,PAN,2017,11093000000.0,6899254.0,191.755,True,True,True,True,10.045049012988962,6.838802134041797,Medium,High,High
Papua New Guinea,PNG,2017,9952000000.0,177122.0,48.0625,True,True,True,True,9.997910367346744,5.248272507464525,Medium,Medium,Medium
Paraguay,PRY,2017,8680000000.0,37584.0,4.45,True,True,True,True,9.938519725176493,4.575002999433531,Medium,Low,Low
Peru,PER,2017,43454000000.0,2539720.0,114.955,True,True,True,True,10.638029760024509,6.404785838998708,High,High,High
Philippines,PHL,2017,68713000000.0,8249852.0,170.7825,True,True,True,True,10.837038910191373,6.916446157500245,High,High,High
Poland,POL,2017,234364000000.0,2384782.0,109.8475,True,True,True,True,11.369890901705777,6.3774486850431185,High,High,High
Portugal,PRT,2017,62130000000.0,3124946.0,162.02,True,True,True,True,10.793301353613115,6.494842517006606,High,High,High
Puerto Rico (US),PRI,2017,,1319572.0,,False,True,False,False,,6.120433091675893,,Medium,
Qatar,QAT,2017,67498000000.0,772800.0,49.29,True,True,True,True,10.829290904655736,5.888067113407437,High,Medium,Medium
Romania,ROU,2017,70761000000.0,696438.0,65.555,True,True,True,True,10.849793961764723,5.842882459659638,High,Medium,Medium
Russian Federation,RUS,2017,352943000000.0,4303955.0,207.645,True,True,True,True,11.547704572854396,6.633867721916267,High,High,High
Rwanda,RWA,2017,1037000000.0,,,True,False,False,False,9.015778756389041,,Low,,
Samoa,WSM,2017,44000000.0,34950.0,24.299999999999997,True,True,True,True,7.643452676486188,4.5434471800817,Low,Low,Low
San Marino,SMR,2017,,,,False,False,False,False,,,,,
Sao Tome and Principe,STP,2017,15000000.0,62980.9,14.415,True,True,True,True,7.176091259055681,4.7992088624332805,Low,Low,Low
Saudi Arabia,SAU,2017,221835000000.0,8082329.0,206.6025,True,True,True,True,11.346030067997496,6.907536524896088,High,High,High
Senegal,SEN,2017,2989000000.0,570500.0,58.6075,True,True,True,True,9.475525915039281,5.756255648754234,Medium,Medium,Medium
Serbia,SRB,2017,16992000000.0,,,True,False,False,False,10.230244499401374,,Medium,,
Seychelles,SYC,2017,547000000.0,104572.7,21.715,True,True,True,True,8.73798732633343,5.01941832136844,Low,Low,Low
Sierra Leone,SLE,2017,567000000.0,89100.0,24.1925,True,True,True,True,8.753583058892907,4.949877704036875,Low,Low,Low
Singapore,SGP,2017,373446000000.0,33666600.0,561.36,True,True,True,True,11.572227812048327,7.527199259073056,High,High,High
Sint Maarten (Dutch part),SXM,2017,123000000.0,98101.0,44.8125,True,True,True,True,8.089905111439398,4.991673434416324,Low,Low,Medium
Slovak Republic,SVK,2017,83414000000.0,,,True,False,False,False,10.921238947669893,,High,,
Slovenia,SVN,2017,38443000000.0,911528.0,75.19,True,True,True,True,10.584817271624173,5.959770013702705,High,Medium,Medium
Solomon Islands,SLB,2017,500000000.0,180838.4,34.4275,True,True,True,True,8.698970004336019,5.257290655881362,Low,Medium,Medium
"Somalia, Fed. Rep.",SOM,2017,464000000.0,126312.9,31.8725,True,True,True,True,8.66651798055488,5.101447706158876,Low,Low,Low
South Africa,ZAF,2017,88947000000.0,4563618.0,124.2325,True,True,True,True,10.949131304804235,6.659309284423809,High,High,High
South Sudan,SSD,2017,,,,False,False,False,False,,,,,
Spain,ESP,2017,319531000000.0,15929902.0,380.1175,True,True,True,True,11.504512998569037,7.202213104050338,High,High,High
Sri Lanka,LKA,2017,11360000000.0,6200000.0,214.015,True,True,True,True,10.055378331375,6.7923916894982534,Medium,High,High
St. Kitts and Nevis,KNA,2017,50000000.0,13767.0,24.6425,True,True,True,True,7.698970004336019,4.138839312414322,Low,Low,Low
St. Lucia,LCA,2017,127000000.0,29706.0,26.125,True,True,True,True,8.103803720955957,4.472844176715128,Low,Low,Low
St. Martin (French part),MAF,2017,123000000.0,,,True,False,False,False,8.089905111439398,,Low,,
St. Vincent and the Grenadines,VCT,2017,42000000.0,17502.0,29.335,True,True,True,True,7.623249290397901,4.2430876795053765,Low,Low,Low
Sudan,SDN,2017,4100000000.0,487336.0,41.145,True,True,True,True,9.612783856719735,5.68782849433607,Medium,Medium,Medium
Suriname,SUR,2017,1992000000.0,112318.0,38.7775,True,True,True,True,9.29928933408768,5.050449361553028,Medium,Low,Medium
Sweden,SWE,2017,152920000000.0,1557281.0,144.39749999999998,True,True,True,True,11.184464289346991,6.192366984911365,High,High,High
Switzerland,CHE,2017,299603000000.0,119231.0,,True,True,False,False,11.4765461577488,5.076389186432606,High,Low,
Syrian Arab Republic,SYR,2017,2555000000.0,291958.0,31.1275,True,True,True,True,9.40739090447073,5.465320379940977,Medium,Medium,Low
Tajikistan,TJK,2017,1198000000.0,,,True,False,False,False,9.078456818053292,,Low,,
Tanzania,TZA,2017,4113000000.0,617266.0,49.9225,True,True,True,True,9.614158709509175,5.790472355990202,Medium,Medium,Medium
Thailand,THA,2017,236635000000.0,9938881.0,210.15,True,True,True,True,11.374078980286393,6.9973374907472365,High,High,High
Timor-Leste,TLS,2017,23000000.0,59004.0,11.3725,True,True,True,True,7.361727836017593,4.770881454337786,Low,Low,Low
Togo,TGO,2017,1016000000.0,1193841.0,77.9975,True,True,True,True,9.006893707947901,6.07694648975753,Low,Medium,Medium
Tonga,TON,2017,19000000.0,107381.3,28.355,True,True,True,True,7.278753600952829,5.030928657397837,Low,Low,Low
Trinidad and Tobago,TTO,2017,8741000000.0,414657.0,60.6975,True,True,True,True,9.94156112023607,5.617689001288852,Medium,Medium,Medium
Tunisia,TUN,2017,14204000000.0,480619.0,42.9925,True,True,True,True,10.152410663629578,5.6818009354900445,Medium,Medium,Medium
Turkiye,TUR,2017,164495000000.0,10001342.0,231.0325,True,True,True,True,11.216152701645195,7.000058278409077,High,High,High
Turkmenistan,TKM,2017,7458000000.0,,,True,False,False,False,9.87262237902529,,Medium,,
Turks and Caicos Islands,TCA,2017,4000000.0,,,True,False,False,False,6.6020599913279625,,Low,,
Tuvalu,TUV,2017,0.0,6499.85,5.505,True,True,True,True,,3.8129033343468617,Low,Low,Low
Uganda,UGA,2017,2901000000.0,,,True,False,False,False,9.462547728802663,,Medium,,
Ukraine,UKR,2017,43265000000.0,723575.0,68.9875,True,True,True,True,10.636136708051051,5.859483553282289,High,Medium,Medium
United Arab Emirates,ARE,2017,313603000000.0,19089706.0,287.84499999999997,True,True,True,True,11.496380208595353,7.280799239888643,High,High,High
United Kingdom,GBR,2017,440997000000.0,10239674.0,400.8825,True,True,True,True,11.64443563507356,7.01028613024774,High,High,High
United States,USA,2017,1546273000000.0,51522489.0,469.9975,True,True,True,True,12.189286172587893,7.711996835191333,High,High,High
Uruguay,URY,2017,7888000000.0,939427.0,85.9175,True,True,True,True,9.896966901933155,5.972863038051299,Medium,Medium,Medium
Uzbekistan,UZB,2017,10079000000.0,,,True,False,False,False,10.003417445202194,,Medium,,
Vanuatu,VUT,2017,47000000.0,114552.6,23.91,True,True,True,True,7.672097857935717,5.059004950817765,Low,Low,Low
Viet Nam,VNM,2017,215014000000.0,12382524.0,285.5575,True,True,True,True,11.332466738635596,7.092809178411608,High,High,High
Virgin Islands (U.S.),VIR,2017,,,,False,False,False,False,,,,,
West Bank and Gaza,PSE,2017,,,,False,False,False,False,,,,,
"Yemen, Rep.",YEM,2017,418000000.0,334693.0,20.3,True,True,True,True,8.621176281775035,5.524646629318745,Low,Medium,Low
Zambia,ZMB,2017,8000000000.0,,,True,False,False,False,9.903089986991944,,Medium,,
Zimbabwe,ZWE,2017,3481000000.0,,,True,False,False,False,9.541704023284288,,Medium,,
Afghanistan,AFG,2018,875000000.0,,,True,False,False,False,8.942008053022313,,Low,,
Albania,ALB,2018,2870000000.0,134526.0,13.0775,True,True,True,True,9.457881896733992,5.1288062290617225,Medium,Low,Low
Algeria,DZA,2018,41797000000.0,1844422.0,71.465,True,True,True,True,10.621145111196038,6.265860293780301,High,High,Medium
American Samoa,ASM,2018,377000000.0,90245.0,25.81,True,True,True,True,8.576341350205793,4.955423149275055,Low,Low,Low
Andorra,AND,2018,129000000.0,,,True,False,False,False,8.11058971029925,,Low,,
Angola,AGO,2018,40758000000.0,572922.0,67.3675,True,True,True,True,10.61021286497437,5.758095499322671,High,Medium,Medium
Antigua and Barbuda,ATG,2018,26000000.0,28826.0,16.405,True,True,True,True,7.414973347970818,4.459784382296269,Low,Low,Low
Argentina,ARG,2018,61781000000.0,2184625.0,105.9025,True,True,True,True,10.790854933602322,6.339376899243397,High,High,High
Armenia,ARM,2018,2412000000.0,,,True,False,False,False,9.382377303468113,,Medium,,
Aruba,ABW,2018,194000000.0,58500.0,32.2825,True,True,True,True,8.287801729930226,4.76715586608218,Low,Low,Medium
Australia,AUS,2018,257098000000.0,8667914.0,144.95,True,True,True,True,11.410098698220681,6.937914593751757,High,High,High
Austria,AUT,2018,184815000000.0,,,True,False,False,False,11.266737216628997,,High,,
Azerbaijan,AZE,2018,20317000000.0,,,True,False,False,False,10.307859580598466,,Medium,,
"Bahamas, The",BHS,2018,513000000.0,1182836.0,71.515,True,True,True,True,8.710117365111817,6.072924533949636,Low,Medium,Medium
Bahrain,BHR,2018,18044000000.0,432207.0,50.4225,True,True,True,True,10.256332818425673,5.635691796412921,Medium,Medium,Medium
Bangladesh,BGD,2018,39252000000.0,2946955.0,64.96000000000001,True,True,True,True,10.593861790172607,6.469373504224238,High,High,Medium
Barbados,BRB,2018,448000000.0,100952.0,35.59,True,True,True,True,8.651278013998144,5.004114927344639,Low,Low,Medium
Belarus,BLR,2018,33726000000.0,,,True,False,False,False,10.527964835676581,,High,,
Belgium,BEL,2018,468213000000.0,11503695.0,376.19,True,True,True,True,11.670443467775568,7.060837358646167,High,High,High
Belize,BLZ,2018,451000000.0,47729.0,28.3825,True,True,True,True,8.65417654187796,4.678782335287437,Low,Low,Low
Benin,BEN,2018,3344000000.0,321750.0,62.9575,True,True,True,True,9.52426626876698,5.507518555576424,Medium,Medium,Medium
Bermuda,BMU,2018,18000000.0,4437.324,7.77,True,True,True,True,7.2552725051033065,3.6471211407460458,Low,Low,Low
Bhutan,BTN,2018,606000000.0,,,True,False,False,False,8.782472624166287,,Low,,
Bolivia,BOL,2018,8965000000.0,,,True,False,False,False,9.952550293898202,,Medium,,
Bosnia and Herzegovina,BIH,2018,7182000000.0,,,True,False,False,False,9.856245400790055,,Medium,,
Botswana,BWA,2018,6575000000.0,,,True,False,False,False,9.817895757161795,,Medium,,
Brazil,BRA,2018,231890000000.0,10061925.0,121.5525,True,True,True,True,11.365282020572183,7.002681075839308,High,High,High
British Virgin Islands,VGB,2018,,56317.36,22.86,False,True,True,False,,4.750642288103071,,Low,Low
Brunei Darussalam,BRN,2018,6574000000.0,113125.0,18.7875,True,True,True,True,9.817829699745605,5.0535585922132595,Medium,Low,Low
Bulgaria,BGR,2018,33617000000.0,241716.0,24.7025,True,True,True,True,10.526558954148692,5.383305398780534,High,Medium,Low
Burkina Faso,BFA,2018,3254000000.0,,,True,False,False,False,9.51241754860084,,Medium,,
Burundi,BDI,2018,180000000.0,,,True,False,False,False,8.255272505103306,,Low,,
Cabo Verde,CPV,2018,76000000.0,84041.0,20.7175,True,True,True,True,7.880813592280791,4.924491211414758,Low,Low,Low
Cambodia,KHM,2018,12700000000.0,537107.0,32.3775,True,True,True,True,10.103803720955957,5.73006081247895,Medium,Medium,Medium
Cameroon,CMR,2018,3803000000.0,387000.0,66.2575,True,True,True,True,9.580126325411582,5.587710965018911,Medium,Medium,Medium
Canada,CAN,2018,452313000000.0,6763247.0,159.91,True,True,True,True,11.655439070052198,6.830155248548837,High,High,High
Cayman Islands,CYM,2018,41000000.0,,6.13,True,False,True,False,7.6127838567197355,,Low,,Low
Central African Republic,CAF,2018,164000000.0,,,True,False,False,False,8.214843848047698,,Low,,
Chad,TCD,2018,2670000000.0,,,True,False,False,False,9.426511261364576,,Medium,,
Channel Islands,CHI,2018,,,,False,False,False,False,,,,,
Chile,CHL,2018,74839000000.0,4661486.0,102.57,True,True,True,True,10.874127975816435,6.668524384227381,High,High,High
China,CHN,2018,2486695000000.0,229127700.0,985.7325,True,True,True,True,12.395622521120387,8.360077595649235,High,High,High
Colombia,COL,2018,41774000000.0,4181330.0,174.1,True,True,True,True,10.620906062403131,6.6213144444036605,High,High,High
Comoros,COM,2018,41000000.0,55032.5,15.635,True,True,True,True,7.6127838567197355,4.740619242259514,Low,Low,Low
"Congo, Dem. Rep.",COD,2018,20004000000.0,55599.0,23.9,True,True,True,True,10.30111684587563,4.74506698045998,Medium,Low,Low
"Congo, Rep.",COG,2018,11155000000.0,739000.0,67.7625,True,True,True,True,10.047469574619857,5.868644438394826,Medium,Medium,Medium
Costa Rica,CRI,2018,11495000000.0,1492791.0,84.1275,True,True,True,True,10.060508975605298,6.173999008059633,Medium,High,Medium
Cote d'Ivoire,CIV,2018,11912000000.0,924596.0,65.9675,True,True,True,True,10.07598468474412,5.965952010255334,Medium,Medium,Medium
Croatia,HRV,2018,17402000000.0,302126.0,59.4375,True,True,True,True,10.240599164319883,5.480188100879548,Medium,Medium,Medium
Cuba,CUB,2018,2373000000.0,349722.0,32.0,True,True,True,True,9.37529773821734,5.543722953378943,Medium,Medium,Low
Curacao,CUW,2018,586000000.0,94607.0,31.8775,True,True,True,True,8.767897616018091,4.9759232711682095,Low,Low,Low
Cyprus,CYP,2018,5052000000.0,416502.0,50.3675,True,True,True,True,9.703463341883293,5.619617091185492,Medium,Medium,Medium
Czechia,CZE,2018,202238000000.0,,,True,False,False,False,11.305862761738473,,High,,
Denmark,DNK,2018,109696000000.0,833857.0,101.3325,True,True,True,True,11.040190791571067,5.921091578892182,High,Medium,High
Djibouti,DJI,2018,3522000000.0,859000.0,86.1975,True,True,True,True,9.546789351631258,5.933993163831242,Medium,Medium,Medium
Dominica,DMA,2018,10000000.0,7393.0,22.965,True,True,True,True,7.0,3.8688207061975173,Low,Low,Low
Dominican Republic,DOM,2018,10638000000.0,1906487.0,134.42000000000002,True,True,True,True,10.026859985984562,6.280233848241993,Medium,High,High
Ecuador,ECU,2018,21628000000.0,2212486.0,93.46,True,True,True,True,10.335016360903587,6.344880531283091,High,High,High
"Egypt, Arab Rep.",EGY,2018,27624000000.0,6701763.0,218.33,True,True,True,True,10.441286565341398,6.826189065455065,High,High,High
El Salvador,SLV,2018,5905000000.0,230989.0,32.92,True,True,True,True,9.771219901949534,5.363591298710117,Medium,Medium,Medium
Equatorial Guinea,GNQ,2018,6052000000.0,14716.0,33.94,True,True,True,True,9.78189891935115,4.167789779159089,Medium,Low,Medium
Eritrea,ERI,2018,669000000.0,37259.65,8.282499999999999,True,True,True,True,8.825426117767822,4.571238771016945,Low,Low,Low
Estonia,EST,2018,17017000000.0,239576.0,37.12,True,True,True,True,10.230882998857593,5.379443309586957,Medium,Medium,Medium
Eswatini,SWZ,2018,1842000000.0,,,True,False,False,False,9.26528962586083,,Low,,
Faroe Islands,FRO,2018,,35039.3,15.6725,False,True,True,False,,4.544555421435143,,Low,Low
Fiji,FJI,2018,1041000000.0,279465.5,41.5275,True,True,True,True,9.017450729510536,5.446328201902504,Low,Medium,Medium
Finland,FIN,2018,75869000000.0,1594271.0,83.38749999999999,True,True,True,True,10.880064359833884,6.202562146295362,High,High,Medium
France,FRA,2018,582222000000.0,5978536.0,285.365,True,True,True,True,11.765088611783117,6.776594848710467,High,High,High
French Polynesia,PYF,2018,148000000.0,69140.0,37.735,True,True,True,True,8.170261715394957,4.839729375206388,Low,Low,Medium
Gabon,GAB,2018,8584000000.0,156000.0,41.31,True,True,True,True,9.933689708957894,5.193124598354461,Medium,Medium,Medium
"Gambia, The",GMB,2018,140000000.0,61250.0,21.52,True,True,True,True,8.146128035678238,4.78710609303657,Low,Low,Low
Georgia,GEO,2018,3380000000.0,348240.0,22.3675,True,True,True,True,9.528916700277655,5.541878654149342,Medium,Medium,Low
Germany,DEU,2018,1560539000000.0,15123221.0,369.2275,True,True,True,True,12.193274626748963,7.179644298674987,High,High,High
Ghana,GHA,2018,14943000000.0,1056785.0,75.2375,True,True,True,True,10.174437796452045,6.023986640276927,Medium,Medium,Medium
Gibraltar,GIB,2018,,17114.73,7.645,False,True,True,False,,4.233370052148448,,Low,Low
Greece,GRC,2018,39502000000.0,5395401.0,178.47,True,True,True,True,10.5966190846638,6.732023728094994,High,High,High
Greenland,GRL,2018,699000000.0,6998.705,5.52,True,True,True,True,8.84447717574568,3.8450176881023235,Low,Low,Low
Grenada,GRD,2018,31000000.0,23887.0,25.325,True,True,True,True,7.491361693834273,4.378161609554913,Low,Low,Low
Guam,GUM,2018,34000000.0,181846.0,22.2025,True,True,True,True,7.531478917042255,5.259703752478806,Low,Medium,Low
Guatemala,GTM,2018,10769000000.0,1530596.0,99.455,True,True,True,True,10.032175376961362,6.184860574026625,Medium,High,High
Guinea,GIN,2018,3978000000.0,237366.0,33.875,True,True,True,True,9.599664778788418,5.375418511291418,Medium,Medium,Medium
Guinea-Bissau,GNB,2018,339000000.0,47433.09,13.875,True,True,True,True,8.530199698203083,4.676081417425163,Low,Low,Low
Guyana,GUY,2018,1339000000.0,58210.0,42.205,True,True,True,True,9.12678057701201,4.7649975992848805,Low,Low,Medium
Haiti,HTI,2018,1078000000.0,177010.0,38.735,True,True,True,True,9.03261876085072,5.24799780208012,Low,Medium,Medium
Honduras,HND,2018,8644000000.0,813164.0,60.0675,True,True,True,True,9.936714758211204,5.910178143518107,Medium,Medium,Medium
"Hong Kong SAR, China",HKG,2018,568456000000.0,19641000.0,469.4125,True,True,True,True,11.754696854781491,7.293163595641659,High,High,High
Hungary,HUN,2018,124705000000.0,,,True,False,False,False,11.095883866701291,,High,,
Iceland,ISL,2018,5556000000.0,353300.0,21.8,True,True,True,True,9.744762237065578,5.548143637434846,Medium,Medium,Low
India,IND,2018,324778000000.0,16996593.0,256.675,True,True,True,True,11.511586603074687,7.230361874931896,High,High,High
Indonesia,IDN,2018,180124000000.0,12532311.0,232.2025,True,True,True,True,11.255571582742588,7.098031163731848,High,High,High
"Iran, Islamic Rep.",IRN,2018,103422000000.0,2368914.0,86.965,True,True,True,True,11.01461293201046,6.37454929457528,High,High,High
Iraq,IRQ,2018,86360000000.0,743211.1,68.21000000000001,True,True,True,True,10.936312633662194,5.871112187305217,High,Medium,Medium
Ireland,IRL,2018,164794000000.0,1000560.0,55.3625,True,True,True,True,11.216941395380953,6.000243136837903,High,Medium,Medium
Isle of Man,IMN,2018,,,,False,False,False,False,,,,,
Israel,ISR,2018,61952000000.0,2946000.0,112.8825,True,True,True,True,10.79205533129228,6.4692327425066125,High,High,High
Italy,ITA,2018,549526000000.0,10620925.0,285.06,True,True,True,True,11.739988245238857,7.026162342065771,High,High,High
Jamaica,JAM,2018,1961000000.0,1833053.0,98.735,True,True,True,True,9.292477593667783,6.263175022122488,Medium,High,High
Japan,JPN,2018,738143000000.0,23424446.0,400.2775,True,True,True,True,11.868140505582971,7.369669328397037,High,High,High
Jordan,JOR,2018,7750000000.0,815354.0,73.955,True,True,True,True,9.88930170250631,5.911346206123134,Medium,Medium,Medium
Kazakhstan,KAZ,2018,60956000000.0,,,True,False,False,False,10.785016460383314,,High,,
Kenya,KEN,2018,6052000000.0,1306283.0,64.2575,True,True,True,True,9.78189891935115,6.116037274966612,Medium,Medium,Medium
Kiribati,KIR,2018,8000000.0,52568.09,12.5425,True,True,True,True,6.903089986991944,4.7207221977235845,Low,Low,Low
"Korea, Dem. People's Rep.",PRK,2018,251000000.0,,,True,False,False,False,8.399673721481038,,Low,,
"Korea, Rep.",KOR,2018,604860000000.0,28874930.0,552.525,True,True,True,True,11.78165486512618,7.460520940063817,High,High,High
Kosovo,XKX,2018,,,,False,False,False,False,,,,,
Kuwait,KWT,2018,71938000000.0,954527.75,37.94,True,True,True,True,10.856958359517552,5.979788558708406,High,Medium,Medium
Kyrgyz Republic,KGZ,2018,1837000000.0,,,True,False,False,False,9.264109156305809,,Low,,
Lao PDR,LAO,2018,5408000000.0,,,True,False,False,False,9.73303668293358,,Medium,,
Latvia,LVA,2018,16166000000.0,474393.0,31.28,True,True,True,True,10.208602574462532,5.676138272085122,Medium,Medium,Low
Lebanon,LBN,2018,3830000000.0,1332990.0,104.6,True,True,True,True,9.583198773968622,6.124826891378518,Medium,Medium,High
Lesotho,LSO,2018,1221000000.0,,,True,False,False,False,9.086715663944883,,Low,,
Liberia,LBR,2018,548000000.0,118750.0,21.075,True,True,True,True,8.738780558484368,5.074633618296904,Low,Low,Low
Libya,LBY,2018,30994000000.0,327096.8,55.065,True,True,True,True,10.491277628702177,5.5146762954269075,High,Medium,Medium
Liechtenstein,LIE,2018,,,,False,False,False,False,,,,,
Lithuania,LTU,2018,33337000000.0,749066.0,60.370000000000005,True,True,True,True,10.522926515046057,5.8745200849531445,High,Medium,Medium
Luxembourg,LUX,2018,16412000000.0,,,True,False,False,False,10.215161508294875,,Medium,,
"Macao SAR, China",MAC,2018,1510000000.0,,,True,False,False,False,9.178976947293169,,Low,,
Madagascar,MDG,2018,3110000000.0,179425.0,32.03,True,True,True,True,9.492760389026838,5.253882954904354,Medium,Medium,Low
Malawi,MWI,2018,838000000.0,,,True,False,False,False,8.923244018630276,,Low,,
Malaysia,MYS,2018,247455000000.0,24955994.0,467.135,True,True,True,True,11.393496233457222,7.397174872543868,High,High,High
Maldives,MDV,2018,339000000.0,82252.5,17.9725,True,True,True,True,8.530199698203083,4.9151491068615805,Low,Low,Low
Mali,MLI,2018,3584000000.0,,,True,False,False,False,9.554368000990088,,Medium,,
Malta,MLT,2018,3192000000.0,3414328.0,141.7825,True,True,True,True,9.504062882678692,6.533305239610475,Medium,High,High
Marshall Islands,MHL,2018,41000000.0,70146.41,20.3525,True,True,True,True,7.6127838567197355,4.84600544931896,Low,Low,Low
Mauritania,MRT,2018,2052000000.0,80461.5,32.485,True,True,True,True,9.31217735643978,4.905588124626624,Medium,Low,Medium
Mauritius,MUS,2018,2366000000.0,451446.0,70.39750000000001,True,True,True,True,9.374014740291912,5.654605809345928,Medium,Medium,Medium
Mexico,MEX,2018,450713000000.0,6983149.0,164.565,True,True,True,True,11.653900084689221,6.844051308715431,High,High,High
"Micronesia, Fed. Sts.",FSM,2018,47000000.0,32194.52,11.105,True,True,True,True,7.672097857935717,4.507781954419436,Low,Low,Low
Moldova,MDA,2018,2706000000.0,735.0142,3.645,True,True,True,True,9.432327792261605,2.8662957294543605,Medium,Low,Low
Monaco,MCO,2018,,,,False,False,False,False,,,,,
Mongolia,MNG,2018,7012000000.0,,,True,False,False,False,9.845841907421757,,Medium,,
Montenegro,MNE,2018,472000000.0,15998.0,9.8575,True,True,True,True,8.673941998634088,4.204065692452478,Low,Low,Low
Morocco,MAR,2018,28609000000.0,4715747.0,222.26,True,True,True,True,10.456502677725851,6.673550497133122,High,High,High
Mozambique,MOZ,2018,6037000000.0,372218.0,41.1225,True,True,True,True,9.780821175853474,5.5707973712441134,Medium,Medium,Medium
Myanmar,MMR,2018,16614000000.0,1104101.0,43.4225,True,True,True,True,10.220474206129218,6.043008803226827,Medium,Medium,Medium
Namibia,NAM,2018,7488000000.0,144109.0,43.56,True,True,True,True,9.87436583573005,5.158691104535583,Medium,Low,Medium
Nauru,NRU,2018,9000000.0,7606.643,4.83,True,True,True,True,6.954242509439325,3.8811930341374596,Low,Low,Low
Nepal,NPL,2018,786000000.0,,,True,False,False,False,8.895422546039407,,Low,,
Netherlands,NLD,2018,726697000000.0,14802257.0,407.0975,True,True,True,True,11.861353367312931,7.17032794025393,High,High,High
New Caledonia,NCL,2018,1929000000.0,110750.0,38.7375,True,True,True,True,9.285332227643885,5.044343734895107,Low,Low,Medium
New Zealand,NZL,2018,39673000000.0,3382305.0,93.8025,True,True,True,True,10.598495042273587,6.529212767615509,High,High,High
Nicaragua,NIC,2018,5014000000.0,174403.0,23.905,True,True,True,True,9.700184329622198,5.241553951194254,Medium,Medium,Low
Niger,NER,2018,1202000000.0,,,True,False,False,False,9.07990446766672,,Low,,
Nigeria,NGA,2018,60547000000.0,1560000.0,79.455,True,True,True,True,10.78209262946548,6.193124598354461,High,High,Medium
North Macedonia,MKD,2018,6911000000.0,,,True,False,False,False,9.83954089296897,,Medium,,
Northern Mariana Islands,MNP,2018,5000000.0,42095.68,16.4925,True,True,True,True,6.698970004336019,4.624237529364717,Low,Low,Low
Norway,NOR,2018,121791000000.0,802364.0,54.85,True,True,True,True,11.085615196385916,5.904371434777958,High,Medium,Medium
Oman,OMN,2018,41761000000.0,4210679.0,149.445,True,True,True,True,10.620770889641765,6.624352134357229,High,High,High
Pakistan,PAK,2018,23425000000.0,3249000.0,123.2375,True,True,True,True,10.369679599559817,6.511749711344983,High,High,High
Palau,PLW,2018,4000000.0,20059.46,9.25,True,True,True,True,6.6020599913279625,4.302319237648666,Low,Low,Low
Panama,PAN,2018,11480000000.0,6872369.0,185.895,True,True,True,True,10.059941888061955,6.837106470142372,Medium,High,High
Papua New Guinea,PNG,2018,10524000000.0,170053.0,45.6875,True,True,True,True,10.022180839413666,5.230584297967966,Medium,Medium,Medium
Paraguay,PRY,2018,9042000000.0,38007.0,5.5600000000000005,True,True,True,True,9.956264502698275,4.579863590864233,Medium,Low,Low
Peru,PER,2018,48019000000.0,2667974.0,116.055,True,True,True,True,10.681413111593479,6.426181592968819,High,High,High
Philippines,PHL,2018,67488000000.0,8859565.0,171.0525,True,True,True,True,10.829226558059393,6.9474123987789875,High,High,High
Poland,POL,2018,263569000000.0,2834296.0,119.655,True,True,True,True,11.420894328833015,6.452445203869727,High,High,High
Portugal,PRT,2018,68361000000.0,3168513.0,178.16,True,True,True,True,10.834808407051996,6.500855493319135,High,High,High
Puerto Rico (US),PRI,2018,,1447616.0,,False,True,False,False,,6.1606533745697,,Medium,
Qatar,QAT,2018,84905000000.0,1340000.0,86.63749999999999,True,True,True,True,10.928933266315449,6.127104798364807,High,Medium,High
Romania,ROU,2018,79660000000.0,668016.0,63.3625,True,True,True,True,10.90124030207331,5.824786864614009,High,Medium,Medium
Russian Federation,RUS,2018,443914000000.0,4726726.0,201.5725,True,True,True,True,11.647298841864451,6.674560427744634,High,High,High
Rwanda,RWA,2018,1122000000.0,,,True,False,False,False,9.049992856920143,,Low,,
Samoa,WSM,2018,46000000.0,37091.0,25.805,True,True,True,True,7.662757831681574,4.56926854237761,Low,Low,Low
San Marino,SMR,2018,,,,False,False,False,False,,,,,
Sao Tome and Principe,STP,2018,16000000.0,47989.86,13.9275,True,True,True,True,7.204119982655925,4.681149482974385,Low,Low,Low
Saudi Arabia,SAU,2018,294373000000.0,8683456.0,217.0025,True,True,True,True,11.468897973842264,6.938692608011485,High,High,High
Senegal,SEN,2018,3623000000.0,674000.0,59.74,True,True,True,True,9.559068334034537,5.82865989653532,Medium,Medium,Medium
Serbia,SRB,2018,19227000000.0,,,True,False,False,False,10.28391152630373,,Medium,,
Seychelles,SYC,2018,569000000.0,106038.2,22.8975,True,True,True,True,8.755112266395072,5.025462346968427,Low,Low,Low
Sierra Leone,SLE,2018,554000000.0,83621.0,24.22,True,True,True,True,8.74350976472843,4.922315356850907,Low,Low,Low
Singapore,SGP,2018,412955000000.0,36599200.0,596.1025,True,True,True,True,11.615902728856236,7.563471592515103,High,High,High
Sint Maarten (Dutch part),SXM,2018,148000000.0,101100.0,41.8975,True,True,True,True,8.170261715394957,5.004751155591001,Low,Low,Medium
Slovak Republic,SVK,2018,93425000000.0,,,True,False,False,False,10.970463106521676,,High,,
Slovenia,SVN,2018,44200000000.0,988499.0,69.0325,True,True,True,True,10.645422269349092,5.994976234302497,High,Medium,Medium
Solomon Islands,SLB,2018,569000000.0,174614.2,34.1725,True,True,True,True,8.755112266395072,5.242079558561304,Low,Medium,Medium
"Somalia, Fed. Rep.",SOM,2018,534000000.0,115339.8,26.605,True,True,True,True,8.727541257028557,5.0619791940059375,Low,Low,Low
South Africa,ZAF,2018,93970000000.0,4892423.0,118.3675,True,True,True,True,10.972989226855349,6.689523999186807,High,High,High
South Sudan,SSD,2018,,,,False,False,False,False,,,,,
Spain,ESP,2018,346754000000.0,17165709.0,375.8575,True,True,True,True,11.540021479602302,7.2346617459166565,High,High,High
Sri Lanka,LKA,2018,11890000000.0,7000000.0,217.6225,True,True,True,True,10.075181854618691,6.845098040014257,Medium,High,High
St. Kitts and Nevis,KNA,2018,54000000.0,13491.5,24.635,True,True,True,True,7.732393759822968,4.130060237700629,Low,Low,Low
St. Lucia,LCA,2018,62000000.0,33657.0,26.93,True,True,True,True,7.7923916894982534,4.527075402741708,Low,Low,Low
St. Martin (French part),MAF,2018,148000000.0,,,True,False,False,False,8.170261715394957,,Low,,
St. Vincent and the Grenadines,VCT,2018,44000000.0,18107.0,25.1875,True,True,True,True,7.643452676486188,4.257846501591155,Low,Low,Low
Sudan,SDN,2018,3478000000.0,451712.0,25.205,True,True,True,True,9.541329577666694,5.654861628007837,Medium,Medium,Low
Suriname,SUR,2018,2180000000.0,110000.0,35.5,True,True,True,True,9.338456493604605,5.041392685158225,Medium,Low,Medium
Sweden,SWE,2018,165968000000.0,1600175.0,121.34,True,True,True,True,11.220024360551479,6.204167481017364,High,High,High
Switzerland,CHE,2018,310749000000.0,119133.0,,True,True,False,False,11.492409739742707,5.0760320782986215,High,Low,
Syrian Arab Republic,SYR,2018,2400000000.0,332532.0,32.04,True,True,True,True,9.380211241711606,5.521833444390148,Medium,Medium,Low
Tajikistan,TJK,2018,1073000000.0,,,True,False,False,False,9.03059972196595,,Low,,
Tanzania,TZA,2018,4041000000.0,705231.0,54.785,True,True,True,True,9.606488850442648,5.848331394428524,Medium,Medium,Medium
Thailand,THA,2018,252957000000.0,10371645.0,217.465,True,True,True,True,11.403046702006336,7.015847643348029,High,High,High
Timor-Leste,TLS,2018,45000000.0,47574.0,11.27,True,True,True,True,7.653212513775344,4.677369668235016,Low,Low,Low
Togo,TGO,2018,1080000000.0,1395730.0,85.9375,True,True,True,True,9.03342375548695,6.144801413379447,Low,Medium,Medium
Tonga,TON,2018,13000000.0,105190.3,27.255,True,True,True,True,7.113943352306837,5.021975693708394,Low,Low,Low
Trinidad and Tobago,TTO,2018,10532000000.0,438703.0,62.7925,True,True,True,True,10.022510850434031,5.6421706042681565,Medium,Medium,Medium
Tunisia,TUN,2018,15535000000.0,493366.0,41.754999999999995,True,True,True,True,10.191311257590993,5.693169217060551,Medium,Medium,Medium
Turkiye,TUR,2018,177169000000.0,10801305.0,236.23,True,True,True,True,11.248387733878795,7.033476229566602,High,High,High
Turkmenistan,TKM,2018,9706000000.0,,,True,False,False,False,9.987040286979267,,Medium,,
Turks and Caicos Islands,TCA,2018,4000000.0,,,True,False,False,False,6.6020599913279625,,Low,,
Tuvalu,TUV,2018,0.0,6188.291,5.425,True,True,True,True,,3.791570727897842,Low,Low,Low
Uganda,UGA,2018,3087000000.0,,,True,False,False,False,9.489536629482096,,Medium,,
Ukraine,UKR,2018,47336000000.0,845152.0,69.0825,True,True,True,True,10.675191556268956,5.926934823535158,High,Medium,Medium
United Arab Emirates,ARE,2018,387964000000.0,18696000.0,289.2825,True,True,True,True,11.588791428360418,7.271748699384171,High,High,High
United Kingdom,GBR,2018,486439000000.0,10315140.0,398.24,True,True,True,True,11.687028387000286,7.013475126716815,High,High,High
United States,USA,2018,1663982000000.0,54483231.0,475.3475,True,True,True,True,12.221148624032256,7.736262854482249,High,High,High
Uruguay,URY,2018,7498000000.0,797874.0,88.3525,True,True,True,True,9.874945436085532,5.901934313123585,Medium,Medium,High
Uzbekistan,UZB,2018,10921000000.0,,,True,False,False,False,10.038262407104785,,Medium,,
Vanuatu,VUT,2018,61000000.0,106680.4,22.5375,True,True,True,True,7.785329835010767,5.028084635415543,Low,Low,Low
Viet Nam,VNM,2018,243699000000.0,13394390.0,307.79,True,True,True,True,11.38685374709456,7.126922939992284,High,High,High
Virgin Islands (U.S.),VIR,2018,,,,False,False,False,False,,,,,
West Bank and Gaza,PSE,2018,,,,False,False,False,False,,,,,
"Yemen, Rep.",YEM,2018,570000000.0,398999.0,15.8775,True,True,True,True,8.755874855672491,5.600971807228036,Low,Medium,Low
Zambia,ZMB,2018,9034000000.0,,,True,False,False,False,9.955880086225376,,Medium,,
Zimbabwe,ZWE,2018,4057000000.0,,,True,False,False,False,9.608205007704326,,Medium,,
Afghanistan,AFG,2019,864000000.0,,,True,False,False,False,8.936513742478894,,Low,,
Albania,ALB,2019,2716000000.0,145762.0,17.155,True,True,True,True,9.433929765608465,5.163644318623193,Medium,Low,Low
Algeria,DZA,2019,35312000000.0,1793990.0,69.4525,True,True,True,True,10.54792231581758,6.2538200178848165,High,High,Medium
American Samoa,ASM,2019,353000000.0,76200.0,26.075,True,True,True,True,8.547774705387823,4.8819549713396,Low,Low,Low
Andorra,AND,2019,,,,False,False,False,False,,,,,
Angola,AGO,2019,35432000000.0,651273.0,68.66499999999999,True,True,True,True,10.549395667276702,5.8137630738840915,High,Medium,Medium
Antigua and Barbuda,ATG,2019,38000000.0,27657.0,17.855,True,True,True,True,7.57978359661681,4.441805069695703,Low,Low,Low
Argentina,ARG,2019,65116000000.0,1833964.0,101.47,True,True,True,True,10.813687714496579,6.263390806385912,High,High,High
Armenia,ARM,2019,2640000000.0,,,True,False,False,False,9.421603926869832,,Medium,,
Aruba,ABW,2019,131000000.0,63870.0,29.9725,True,True,True,True,8.117271295655764,4.805296916157985,Low,Low,Low
Australia,AUS,2019,271005000000.0,8778913.0,145.615,True,True,True,True,11.432977303613807,6.943440745139947,High,High,High
Austria,AUT,2019,178670000000.0,,,True,False,False,False,11.252051637406517,,High,,
Azerbaijan,AZE,2019,19635000000.0,,,True,False,False,False,10.293030905606438,,Medium,,
"Bahamas, The",BHS,2019,537000000.0,1555798.0,79.865,True,True,True,True,8.729974285699555,6.191953208861748,Low,High,Medium
Bahrain,BHR,2019,18120000000.0,418933.0,34.155,True,True,True,True,10.258158193340794,5.622144571756355,Medium,Medium,Medium
Bangladesh,BGD,2019,39337000000.0,3145919.0,63.125,True,True,True,True,10.594801235778386,6.49774753637185,High,High,Medium
Barbados,BRB,2019,444000000.0,98435.0,33.3275,True,True,True,True,8.64738297011462,4.993149545628505,Low,Low,Medium
Belarus,BLR,2019,32955000000.0,,,True,False,False,False,10.517921315976192,,High,,
Belgium,BEL,2019,446910000000.0,12389876.0,371.4425,True,True,True,True,11.65022007248589,7.093066959904293,High,High,High
Belize,BLZ,2019,425000000.0,20259.0,29.655,True,True,True,True,8.628388930050312,4.306618004439845,Low,Low,Low
Benin,BEN,2019,3052000000.0,510895.6,58.515,True,True,True,True,9.484584529282843,5.708332162412252,Medium,Medium,Medium
Bermuda,BMU,2019,27000000.0,4006.0,7.875,True,True,True,True,7.431363764158987,3.6027109449575576,Low,Low,Low
Bhutan,BTN,2019,674000000.0,,,True,False,False,False,8.82865989653532,,Low,,
Bolivia,BOL,2019,8757000000.0,,,True,False,False,False,9.942355349707677,,Medium,,
Bosnia and Herzegovina,BIH,2019,6578000000.0,,,True,False,False,False,9.818093869146637,,Medium,,
Botswana,BWA,2019,5237000000.0,,,True,False,False,False,9.719082573901487,,Medium,,
Brazil,BRA,2019,221127000000.0,10704669.0,117.3,True,True,True,True,11.344641773945076,7.029573242980671,High,High,High
British Virgin Islands,VGB,2019,,45955.97,21.49,False,True,True,False,,4.662341937259503,,Low,Low
Brunei Darussalam,BRN,2019,7039000000.0,117901.0,22.4275,True,True,True,True,9.847510965203249,5.07151748866286,Medium,Low,Low
Bulgaria,BGR,2019,33340000000.0,261934.0,24.2275,True,True,True,True,10.522965595491987,5.418191875110997,High,Medium,Low
Burkina Faso,BFA,2019,3239000000.0,,,True,False,False,False,9.510410948010177,,Medium,,
Burundi,BDI,2019,180000000.0,,,True,False,False,False,8.255272505103306,,Low,,
Cabo Verde,CPV,2019,62000000.0,91683.0,19.3975,True,True,True,True,7.7923916894982534,4.962288815597675,Low,Low,Low
Cambodia,KHM,2019,14825000000.0,639211.0,32.2425,True,True,True,True,10.1709947020363,5.805644240020259,Medium,Medium,Medium
Cameroon,CMR,2019,4084000000.0,370685.0,59.6575,True,True,True,True,9.611085733414873,5.569005012387719,Medium,Medium,Medium
Canada,CAN,2019,448817000000.0,7000133.0,159.64249999999998,True,True,True,True,11.652069298485106,6.845106291531024,High,High,High
Cayman Islands,CYM,2019,50000000.0,,8.79,True,False,True,False,7.698970004336019,,Low,,Low
Central African Republic,CAF,2019,148000000.0,,,True,False,False,False,8.170261715394957,,Low,,
Chad,TCD,2019,2588000000.0,,,True,False,False,False,9.412964271996662,,Medium,,
Channel Islands,CHI,2019,,,,False,False,False,False,,,,,
Chile,CHL,2019,68794000000.0,4641633.0,97.7425,True,True,True,True,10.83755056206514,6.666670799115207,High,High,High
China,CHN,2019,2499457000000.0,237570000.0,999.7225,True,True,True,True,12.397845669664981,8.375791597685192,High,High,High
Colombia,COL,2019,39489000000.0,4316862.0,170.3725,True,True,True,True,10.596476136016088,6.63516816549749,High,High,High
Comoros,COM,2019,39000000.0,54358.54,18.8275,True,True,True,True,7.5910646070264995,4.73526778362965,Low,Low,Low
"Congo, Dem. Rep.",COD,2019,13382000000.0,42211.0,23.6,True,True,True,True,10.126521025543411,4.625425640932838,Medium,Low,Low
"Congo, Rep.",COG,2019,5576000000.0,921000.0,69.03999999999999,True,True,True,True,9.746322765089953,5.964259630196849,Medium,Medium,Medium
Costa Rica,CRI,2019,11864000000.0,1300785.0,86.74000000000001,True,True,True,True,10.074231138020325,6.114205520212794,Medium,Medium,High
Cote d'Ivoire,CIV,2019,12718000000.0,994646.0,65.5425,True,True,True,True,10.104418820647595,5.997668540442359,Medium,Medium,Medium
Croatia,HRV,2019,17180000000.0,348435.0,60.2525,True,True,True,True,10.235023159495224,5.542121773038875,Medium,Medium,Medium
Cuba,CUB,2019,2062000000.0,322431.0,29.0325,True,True,True,True,9.314288660947497,5.5084367902103315,Medium,Medium,Low
Curacao,CUW,2019,398000000.0,,32.082499999999996,True,False,True,False,8.599883072073688,,Low,,Medium
Cyprus,CYP,2019,3453000000.0,389962.0,55.7775,True,True,True,True,9.538196578349455,5.591022289092227,Medium,Medium,Medium
Czechia,CZE,2019,199128000000.0,,,True,False,False,False,11.299132331802943,,High,,
Denmark,DNK,2019,111076000000.0,880039.0,105.7275,True,True,True,True,11.04562023181637,5.944501918865494,High,Medium,High
Djibouti,DJI,2019,3996000000.0,917000.0,75.1275,True,True,True,True,9.601625479553945,5.962369335670021,Medium,Medium,Medium
Dominica,DMA,2019,19000000.0,7409.0,24.4475,True,True,True,True,7.278753600952829,3.86975959478241,Low,Low,Low
Dominican Republic,DOM,2019,11193000000.0,1894225.0,131.3525,True,True,True,True,10.048946503760492,6.277431564136488,Medium,High,High
Ecuador,ECU,2019,22329000000.0,2194042.0,103.4425,True,True,True,True,10.348869273711534,6.3412449369094555,High,High,High
"Egypt, Arab Rep.",EGY,2019,29000000000.0,7403472.0,217.8075,True,True,True,True,10.462397997898956,6.8694354382192895,High,High,High
El Salvador,SLV,2019,5905000000.0,249472.0,32.8725,True,True,True,True,9.771219901949534,5.39702180876549,Medium,Medium,Medium
Equatorial Guinea,GNQ,2019,5268000000.0,13851.0,35.1875,True,True,True,True,9.721645766289747,4.141481129270804,Medium,Low,Medium
Eritrea,ERI,2019,530000000.0,27452.8,9.41,True,True,True,True,8.724275869600788,4.438586646146186,Low,Low,Low
Estonia,EST,2019,16101000000.0,241338.0,36.8325,True,True,True,True,10.206852850006698,5.382625709355884,Medium,Medium,Medium
Eswatini,SWZ,2019,2002000000.0,,,True,False,False,False,9.3014640731433,,Medium,,
Faroe Islands,FRO,2019,,31214.33,15.245,False,True,True,False,,4.494354017453254,,Low,Low
Fiji,FJI,2019,1033000000.0,145782.4,37.51,True,True,True,True,9.01410032151962,5.163705095694852,Low,Low,Medium
Finland,FIN,2019,73468000000.0,1628170.0,75.58,True,True,True,True,10.866098217321083,6.211699748346443,High,High,Medium
France,FRA,2019,570951000000.0,5827493.0,284.245,True,True,True,True,11.756598837943312,6.765481760517248,High,High,High
French Polynesia,PYF,2019,133000000.0,69166.0,39.835,True,True,True,True,8.123851640967086,4.839892660337366,Low,Low,Medium
Gabon,GAB,2019,7714000000.0,192998.0,40.8075,True,True,True,True,9.887279634530023,5.285552808523502,Medium,Medium,Medium
"Gambia, The",GMB,2019,133000000.0,71469.72,16.365,True,True,True,True,8.123851640967086,4.8541220806503045,Low,Low,Low
Georgia,GEO,2019,3798000000.0,601491.0,22.4625,True,True,True,True,9.579554960401,5.779229133455449,Medium,Medium,Low
Germany,DEU,2019,1489412000000.0,15022386.0,354.815,True,True,True,True,12.173014848575962,7.176738916978251,High,High,High
Ghana,GHA,2019,15668000000.0,1079247.0,79.3725,True,True,True,True,10.195013562875829,6.033120850114725,Medium,Medium,Medium
Gibraltar,GIB,2019,,10870.46,5.8675,False,True,True,False,,4.036247922304759,,Low,Low
Greece,GRC,2019,37907000000.0,6151556.0,182.1225,True,True,True,True,10.578719415262622,6.788984981912261,High,High,High
Greenland,GRL,2019,826000000.0,6144.526,5.52,True,True,True,True,8.916980047320383,3.788488386242122,Low,Low,Low
Grenada,GRD,2019,34000000.0,12343.0,23.8925,True,True,True,True,7.531478917042255,4.091420728992051,Low,Low,Low
Guam,GUM,2019,32000000.0,,22.56,True,False,True,False,7.505149978319906,,Low,,Low
Guatemala,GTM,2019,11175000000.0,1529010.0,98.0825,True,True,True,True,10.048247531803973,6.1844103257855165,Medium,High,High
Guinea,GIN,2019,3945000000.0,248659.0,34.1975,True,True,True,True,9.596047007545438,5.39560418277034,Medium,Medium,Medium
Guinea-Bissau,GNB,2019,249000000.0,28699.98,11.28,True,True,True,True,8.396199347095736,4.457881594089649,Low,Low,Low
Guyana,GUY,2019,1567000000.0,58543.0,37.65,True,True,True,True,9.19506899646859,4.767474973821422,Low,Low,Medium
Haiti,HTI,2019,1202000000.0,177075.5,41.0025,True,True,True,True,9.07990446766672,5.248158476769647,Low,Medium,Medium
Honduras,HND,2019,8788000000.0,790707.0,56.8675,True,True,True,True,9.943890048248473,5.898015583552676,Medium,Medium,Medium
"Hong Kong SAR, China",HKG,2019,534887000000.0,18360000.0,444.4,True,True,True,True,11.728262042843843,7.2638726768652235,High,High,High
Hungary,HUN,2019,123796000000.0,,,True,False,False,False,11.092706612325516,,High,,
Iceland,ISL,2019,5223000000.0,330292.0,21.2325,True,True,True,True,9.717920025836994,5.5188980547754865,Medium,Medium,Low
India,IND,2019,324340000000.0,17487621.0,245.61,True,True,True,True,11.511000512373325,7.242730732472036,High,High,High
Indonesia,IDN,2019,167683000000.0,12615422.0,224.905,True,True,True,True,11.224489035292843,7.100901782733577,High,High,High
"Iran, Islamic Rep.",IRN,2019,65718000000.0,1503495.0,53.195,True,True,True,True,10.817684338053034,6.177101988155845,High,High,Medium
Iraq,IRQ,2019,80211000000.0,932728.6,64.025,True,True,True,True,10.904233930774373,5.969755293619027,High,Medium,Medium
Ireland,IRL,2019,169625000000.0,1063489.0,55.9025,True,True,True,True,11.229489860667794,6.026733002218054,High,Medium,Medium
Isle of Man,IMN,2019,,,,False,False,False,False,,,,,
Israel,ISR,2019,58507000000.0,2917000.0,112.8725,True,True,True,True,10.767207829834382,6.464936429121733,High,High,High
Italy,ITA,2019,537718000000.0,10789337.0,283.03,True,True,True,True,11.730554574639351,7.032994758298469,High,High,High
Jamaica,JAM,2019,1651000000.0,1647609.0,98.77,True,True,True,True,9.217747073262794,6.216854155607554,Low,High,High
Japan,JPN,2019,705564000000.0,23276482.0,412.3625,True,True,True,True,11.848536413676761,7.366917341809434,High,High,High
Jordan,JOR,2019,8317000000.0,798160.0,68.52250000000001,True,True,True,True,9.919966701483387,5.902089959210264,Medium,Medium,Medium
Kazakhstan,KAZ,2019,57309000000.0,,,True,False,False,False,10.758222830403815,,High,,
Kenya,KEN,2019,5839000000.0,1417000.0,63.8825,True,True,True,True,9.766338475251287,6.151369850247461,Medium,Medium,Medium
Kiribati,KIR,2019,12000000.0,52099.86,7.5825,True,True,True,True,7.079181246047625,4.7168365562878325,Low,Low,Low
"Korea, Dem. People's Rep.",PRK,2019,280000000.0,,,True,False,False,False,8.44715803134222,,Low,,
"Korea, Rep.",KOR,2019,542233000000.0,28959959.0,562.3199999999999,True,True,True,True,11.734185944970369,7.461797942674061,High,High,High
Kosovo,XKX,2019,,,,False,False,False,False,,,,,
Kuwait,KWT,2019,64483000000.0,959575.625,42.145,True,True,True,True,10.809445234335769,5.982079207550851,High,Medium,Medium
Kyrgyz Republic,KGZ,2019,1986000000.0,,,True,False,False,False,9.297979244159363,,Medium,,
Lao PDR,LAO,2019,5806000000.0,,,True,False,False,False,9.763877031495655,,Medium,,
Latvia,LVA,2019,15705000000.0,449850.0,33.7025,True,True,True,True,10.196037940734524,5.653067724815209,Medium,Medium,Medium
Lebanon,LBN,2019,4829000000.0,1293888.0,96.975,True,True,True,True,9.683857205400347,6.111896685075252,Medium,Medium,High
Lesotho,LSO,2019,919000000.0,,,True,False,False,False,8.963315511386112,,Low,,
Liberia,LBR,2019,543000000.0,91453.84,21.5225,True,True,True,True,8.734799829588846,4.961201945523733,Low,Low,Low
Libya,LBY,2019,29250000000.0,271230.6,55.7525,True,True,True,True,10.4661258704182,5.433338684684215,High,Medium,Medium
Liechtenstein,LIE,2019,,,,False,False,False,False,,,,,
Lithuania,LTU,2019,33151000000.0,703000.0,59.905,True,True,True,True,10.520496633432545,5.846955325019824,High,Medium,Medium
Luxembourg,LUX,2019,16451000000.0,,,True,False,False,False,10.216192302363925,,Medium,,
"Macao SAR, China",MAC,2019,1586000000.0,,,True,False,False,False,9.200303182981585,,Low,,
Madagascar,MDG,2019,2696000000.0,199712.5,28.4675,True,True,True,True,9.430719887863281,5.300405248201347,Medium,Medium,Low
Malawi,MWI,2019,899000000.0,,,True,False,False,False,8.953759691733229,,Low,,
Malaysia,MYS,2019,238195000000.0,26215322.0,460.55,True,True,True,True,11.376932640878076,7.4185551964752365,High,High,High
Maldives,MDV,2019,361000000.0,107728.2,18.35,True,True,True,True,8.557507201905658,5.032329403402793,Low,Low,Low
Mali,MLI,2019,3675000000.0,,,True,False,False,False,9.565257343420214,,Medium,,
Malta,MLT,2019,3178000000.0,2813023.0,125.9575,True,True,True,True,9.50215389287136,6.44917328308317,Medium,High,High
Marshall Islands,MHL,2019,55000000.0,30711.22,17.22,True,True,True,True,7.740362689494244,4.487297069088587,Low,Low,Low
Mauritania,MRT,2019,2266000000.0,84457.99,29.8225,True,True,True,True,9.355259905527378,4.926640741518253,Medium,Low,Low
Mauritius,MUS,2019,2223000000.0,469011.0,72.375,True,True,True,True,9.346939462698991,5.671183028606936,Medium,Medium,Medium
Mexico,MEX,2019,460604000000.0,7113878.0,171.8125,True,True,True,True,11.663327705166173,6.852106412946878,High,High,High
"Micronesia, Fed. Sts.",FSM,2019,41000000.0,25234.09,12.83,True,True,True,True,7.6127838567197355,4.401987647682564,Low,Low,Low
Moldova,MDA,2019,2779000000.0,818.0,3.64,True,True,True,True,9.443888546777371,2.912753303671323,Medium,Low,Low
Monaco,MCO,2019,,,,False,False,False,False,,,,,
Mongolia,MNG,2019,7620000000.0,,,True,False,False,False,9.881954971339601,,Medium,,
Montenegro,MNE,2019,465000000.0,15744.0,12.45,True,True,True,True,8.667452952889954,4.197115081087266,Low,Low,Low
Morocco,MAR,2019,29132000000.0,6068803.0,203.3675,True,True,True,True,10.464370301282234,6.783103040044176,High,High,High
Mozambique,MOZ,2019,4787000000.0,411938.0,39.925,True,True,True,True,9.680063427481949,5.614831856120304,Medium,Medium,Medium
Myanmar,MMR,2019,17997000000.0,1128353.0,37.23,True,True,True,True,10.255200116657118,6.052444987917787,Medium,Medium,Medium
Namibia,NAM,2019,4743000000.0,142957.0,44.06,True,True,True,True,9.67605312465187,5.15520542577965,Medium,Low,Medium
Nauru,NRU,2019,14000000.0,5327.06,4.66,True,True,True,True,7.146128035678238,3.726487588379004,Low,Low,Low
Nepal,NPL,2019,968000000.0,,,True,False,False,False,8.985875357308394,,Low,,
Netherlands,NLD,2019,708596000000.0,15198050.0,414.5675,True,True,True,True,11.850398696426694,7.181787868960109,High,High,High
New Caledonia,NCL,2019,1700000000.0,111875.0,37.835,True,True,True,True,9.230448921378274,5.048733048323968,Low,Low,Medium
New Zealand,NZL,2019,39517000000.0,3430977.0,92.9,True,True,True,True,10.596783966965697,6.535417806716458,High,High,High
Nicaragua,NIC,2019,5272000000.0,175370.0,21.35,True,True,True,True,9.721975401585954,5.243955301978741,Medium,Medium,Low
Niger,NER,2019,1126000000.0,,,True,False,False,False,9.051538390515327,,Low,,
Nigeria,NGA,2019,62531000000.0,1627142.0,77.7575,True,True,True,True,10.796095374003063,6.211425455288059,High,High,Medium
North Macedonia,MKD,2019,7189000000.0,,,True,False,False,False,9.856668483611536,,Medium,,
Northern Mariana Islands,MNP,2019,5000000.0,44951.82,16.485,True,True,True,True,6.698970004336019,4.652747280050465,Low,Low,Low
Norway,NOR,2019,102799000000.0,837457.0,66.1925,True,True,True,True,11.011988889984215,5.922962517031692,High,Medium,Medium
Oman,OMN,2019,38724000000.0,4890471.0,149.54500000000002,True,True,True,True,10.58798021145153,6.689350687927393,High,High,High
Pakistan,PAK,2019,23329000000.0,3150000.0,112.015,True,True,True,True,10.367896123114807,6.498310553789601,High,High,High
Palau,PLW,2019,4000000.0,16399.0,8.45,True,True,True,True,6.6020599913279625,4.214817365869458,Low,Low,Low
Panama,PAN,2019,11318000000.0,7346859.0,187.535,True,True,True,True,10.05376968959931,6.866101704998922,Medium,High,High
Papua New Guinea,PNG,2019,10946000000.0,,44.265,True,False,True,False,10.039255443806486,,Medium,,Medium
Paraguay,PRY,2019,7968000000.0,37795.5,7.1925,True,True,True,True,9.901349325415643,4.5774400950354615,Medium,Low,Low
Peru,PER,2019,46444000000.0,2677239.0,120.8425,True,True,True,True,10.666929616387769,6.427687142852241,High,High,High
Philippines,PHL,2019,70334000000.0,9333428.0,173.78,True,True,True,True,10.847165317093895,6.9700411815871055,High,High,High
Poland,POL,2019,266595000000.0,3046483.0,126.7675,True,True,True,True,11.42585199994366,6.483798759014963,High,High,High
Portugal,PRT,2019,67063000000.0,2907005.0,161.34,True,True,True,True,10.826482977281046,6.463445778750319,High,High,High
Puerto Rico (US),PRI,2019,,1451950.0,,False,True,False,False,,6.161951661062436,,Medium,
Qatar,QAT,2019,72935000000.0,1340000.0,89.1325,True,True,True,True,10.862935987290902,6.127104798364807,High,Medium,High
Romania,ROU,2019,76871000000.0,666036.0,60.42,True,True,True,True,10.885762530759095,5.8234977039132545,High,Medium,Medium
Russian Federation,RUS,2019,419721000000.0,4967133.0,192.77,True,True,True,True,11.622960698913563,6.69610578882405,High,High,High
Rwanda,RWA,2019,1241000000.0,,,True,False,False,False,9.09377178149873,,Low,,
Samoa,WSM,2019,49000000.0,42102.0,29.3375,True,True,True,True,7.690196080028514,4.624302726912459,Low,Low,Low
San Marino,SMR,2019,,,,False,False,False,False,,,,,
Sao Tome and Principe,STP,2019,13000000.0,49552.86,16.1525,True,True,True,True,7.113943352306837,4.695068725347499,Low,Low,Low
Saudi Arabia,SAU,2019,261603000000.0,8905621.0,211.4675,True,True,True,True,11.417642720064979,6.949664208748156,High,High,High
Senegal,SEN,2019,4179000000.0,695698.0,50.075,True,True,True,True,9.621072371143626,5.842420754845055,Medium,Medium,Medium
Serbia,SRB,2019,19630000000.0,,,True,False,False,False,10.292920299600006,,Medium,,
Seychelles,SYC,2019,518000000.0,154423.4,26.42,True,True,True,True,8.714329759745233,5.188713110254052,Low,Low,Low
Sierra Leone,SLE,2019,635000000.0,78413.0,17.335,True,True,True,True,8.802773725291976,4.894388069830245,Low,Low,Low
Singapore,SGP,2019,390763000000.0,37195000.0,570.765,True,True,True,True,11.591913435147655,7.570484563044401,High,High,High
Sint Maarten (Dutch part),SXM,2019,181000000.0,105200.0,41.0575,True,True,True,True,8.257678574869184,5.0220157398177205,Low,Low,Medium
Slovak Republic,SVK,2019,89509000000.0,,,True,False,False,False,10.951866705191062,,High,,
Slovenia,SVN,2019,44943000000.0,959000.0,71.1125,True,True,True,True,10.65266205873643,5.981818607170664,High,Medium,Medium
Solomon Islands,SLB,2019,461000000.0,128035.7,33.5375,True,True,True,True,8.663700925389648,5.107331080204751,Low,Low,Medium
"Somalia, Fed. Rep.",SOM,2019,570000000.0,92238.0,27.7025,True,True,True,True,8.755874855672491,4.964909877565257,Low,Low,Low
South Africa,ZAF,2019,90016000000.0,4529034.0,115.12,True,True,True,True,10.954319710485107,6.656005580995821,High,High,High
South Sudan,SSD,2019,1613000000.0,,,True,False,False,False,9.20763436738896,,Low,,
Spain,ESP,2019,334018000000.0,17464920.0,366.5375,True,True,True,True,11.52376987127275,7.242166600644257,High,High,High
Sri Lanka,LKA,2019,11940000000.0,7230000.0,213.425,True,True,True,True,10.07700432679335,6.859138297294531,Medium,High,High
St. Kitts and Nevis,KNA,2019,58000000.0,13629.25,25.244999999999997,True,True,True,True,7.763427993562937,4.1344719578285645,Low,Low,Low
St. Lucia,LCA,2019,82000000.0,39238.0,24.125,True,True,True,True,7.913813852383717,4.593706862849097,Low,Low,Low
St. Martin (French part),MAF,2019,181000000.0,,,True,False,False,False,8.257678574869184,,Low,,
St. Vincent and the Grenadines,VCT,2019,39000000.0,18222.0,25.4025,True,True,True,True,7.5910646070264995,4.260596042301909,Low,Low,Low
Sudan,SDN,2019,3735000000.0,422597.0,22.975,True,True,True,True,9.572290606151418,5.625926409687259,Medium,Medium,Low
Suriname,SUR,2019,2155000000.0,109200.0,36.6475,True,True,True,True,9.33344727449675,5.038222638368718,Medium,Low,Medium
Sweden,SWE,2019,160576000000.0,1623363.0,117.6625,True,True,True,True,11.205680635298497,6.21041564322099,High,High,High
Switzerland,CHE,2019,313934000000.0,121366.0,,True,True,False,False,11.496838353650835,5.08409703862969,High,Low,
Syrian Arab Republic,SYR,2019,2609000000.0,325097.0,31.9625,True,True,True,True,9.41647407910022,5.5120129618386144,Medium,Medium,Low
Tajikistan,TJK,2019,1174000000.0,,,True,False,False,False,9.069668096911595,,Low,,
Tanzania,TZA,2019,5005000000.0,726431.0,54.665,True,True,True,True,9.699404081815338,5.861194369160701,Medium,Medium,Medium
Thailand,THA,2019,246269000000.0,10130294.0,221.71,True,True,True,True,11.391409746892846,7.005622049577938,High,High,High
Timor-Leste,TLS,2019,154000000.0,53289.0,11.27,True,True,True,True,8.187520720836464,4.7266375705213255,Low,Low,Low
Togo,TGO,2019,1055000000.0,1500611.0,82.1075,True,True,True,True,9.023252459633712,6.176268125655257,Low,High,Medium
Tonga,TON,2019,20000000.0,76853.95,24.6725,True,True,True,True,7.301029995663981,4.885666193489877,Low,Low,Low
Trinidad and Tobago,TTO,2019,7192000000.0,446232.0,63.415,True,True,True,True,9.856849678725172,5.649560711006326,Medium,Medium,Medium
Tunisia,TUN,2019,14933000000.0,474222.0,37.3,True,True,True,True,10.17414706509703,5.675981697801118,Medium,Medium,Medium
Turkiye,TUR,2019,180833000000.0,11591414.0,229.855,True,True,True,True,11.257277687257343,7.06413641740797,High,High,High
Turkmenistan,TKM,2019,10622000000.0,,,True,False,False,False,10.02620629708312,,Medium,,
Turks and Caicos Islands,TCA,2019,3000000.0,,4.13,True,False,True,False,6.477121254719663,,Low,,Low
Tuvalu,TUV,2019,0.0,5150.0,5.05,True,True,True,True,,3.711807229041191,Low,Low,Low
Uganda,UGA,2019,3564000000.0,,,True,False,False,False,9.551937695364837,,Medium,,
Ukraine,UKR,2019,50054000000.0,1007273.0,65.91499999999999,True,True,True,True,10.699438789278148,6.0031471928229285,High,Medium,Medium
United Arab Emirates,ARE,2019,389428000000.0,18802000.0,278.5075,True,True,True,True,11.5904271742213,7.274204048346953,High,High,High
United Kingdom,GBR,2019,460026000000.0,10508000.0,398.63,True,True,True,True,11.66278237806729,7.021520064114033,High,High,High
United States,USA,2019,1643161000000.0,55711323.0,480.9125,True,True,True,True,12.215680118508683,7.745943471953918,High,High,High
Uruguay,URY,2019,7680000000.0,749562.0,84.095,True,True,True,True,9.885361220031513,5.874807561326053,Medium,Medium,Medium
Uzbekistan,UZB,2019,14930000000.0,,,True,False,False,False,10.174059807725026,,Medium,,
Vanuatu,VUT,2019,56000000.0,77435.86,22.4775,True,True,True,True,7.748188027006201,4.888942125973665,Low,Low,Low
Viet Nam,VNM,2019,264268000000.0,15297028.0,314.1375,True,True,True,True,11.422044577945176,7.184607061629567,High,High,High
Virgin Islands (U.S.),VIR,2019,,,,False,False,False,False,,,,,
West Bank and Gaza,PSE,2019,,,,False,False,False,False,,,,,
"Yemen, Rep.",YEM,2019,652000000.0,464923.0,17.575,True,True,True,True,8.81424759573192,5.6673810315046715,Low,Medium,Low
Zambia,ZMB,2019,7039000000.0,,,True,False,False,False,9.847510965203249,,Medium,,
Zimbabwe,ZWE,2019,4269000000.0,,,True,False,False,False,9.630326154803948,,Medium,,
